
=== lint ===
No syntax errors detected in ./node_modules/flatted/php/flatted.php
No syntax errors detected in ./tests/bootstrap.php
No syntax errors detected in ./tests/Stubs/Mcp/AbstractToolHandler.php
No syntax errors detected in ./tests/Stubs/Mcp/IMcpToolProvider.php
No syntax errors detected in ./tests/Stubs/Pqtestconsumer/Event/LandingPageFormSubmittedEvent.php
No syntax errors detected in ./tests/Stubs/Integriq/Event/ConnectionRefreshRequestedEvent.php
No syntax errors detected in ./tests/Stubs/Integriq/Event/ConnectionStatusReportedEvent.php
No syntax errors detected in ./tests/unit/Controller/SettingsControllerTest.php
No syntax errors detected in ./tests/unit/RenameDutchColumnsTest.php
No syntax errors detected in ./tests/unit/Settings/PortaliqAdminTest.php
No syntax errors detected in ./tests/bootstrap-unit.php
No syntax errors detected in ./tests/Unit/BackgroundJob/PortalIntakeDeliveryJobTest.php
No syntax errors detected in ./tests/Unit/BackgroundJob/TrafficGeoJobsTest.php
No syntax errors detected in ./tests/Unit/BackgroundJob/TrafficReportJobTest.php
No syntax errors detected in ./tests/Unit/BackgroundJob/NotificationDispatchJobTest.php
No syntax errors detected in ./tests/Unit/BackgroundJob/PortalTaskDeliveryJobTest.php
No syntax errors detected in ./tests/Unit/BackgroundJob/TrafficAggregationJobTest.php
No syntax errors detected in ./tests/Unit/Controller/CitizenCaseControllerTest.php
No syntax errors detected in ./tests/Unit/Controller/MyCasesControllerTest.php
No syntax errors detected in ./tests/Unit/Controller/ReportControllerTest.php
No syntax errors detected in ./tests/Unit/Controller/PortalTaskProxyControllerTest.php
No syntax errors detected in ./tests/Unit/Controller/TrafficReportControllerTest.php
No syntax errors detected in ./tests/Unit/Controller/HealthControllerTest.php
No syntax errors detected in ./tests/Unit/Controller/DashboardControllerTest.php
No syntax errors detected in ./tests/Unit/Controller/SettingsControllerWriteTest.php
No syntax errors detected in ./tests/Unit/Controller/CmsEditorControllerTest.php
No syntax errors detected in ./tests/Unit/Controller/TrafficControllerTest.php
No syntax errors detected in ./tests/Unit/Controller/PortalPageControllerTest.php
No syntax errors detected in ./tests/Unit/Controller/PreferencesControllerTest.php
No syntax errors detected in ./tests/Unit/Controller/PartnerTaskControllerTest.php
No syntax errors detected in ./tests/Unit/Controller/RateLimitAttributesTest.php
No syntax errors detected in ./tests/Unit/Controller/WooControllerTest.php
No syntax errors detected in ./tests/Unit/Controller/PortalIntakeControllerTest.php
No syntax errors detected in ./tests/Unit/Controller/SessionControllerTest.php
No syntax errors detected in ./tests/Unit/Controller/ProposalControllerTest.php
No syntax errors detected in ./tests/Unit/Controller/MetricsControllerTest.php
No syntax errors detected in ./tests/Unit/Controller/ContentControllerTest.php
No syntax errors detected in ./tests/Unit/Controller/PortalAccountAdminControllerTest.php
No syntax errors detected in ./tests/Unit/Controller/PortalEmbedControllerTest.php
No syntax errors detected in ./tests/Unit/Controller/ContributionControllerTest.php
No syntax errors detected in ./tests/Unit/Controller/SetupControllerTest.php
No syntax errors detected in ./tests/Unit/Controller/PortalIdentityControllerTest.php
No syntax errors detected in ./tests/Unit/Controller/PortalAccountSelfControllerTest.php
No syntax errors detected in ./tests/Unit/Controller/AdminOnlyPostureTest.php
No syntax errors detected in ./tests/Unit/Middleware/PublicApiCorsMiddlewareTest.php
No syntax errors detected in ./tests/Unit/Middleware/PortalAuthMiddlewareTest.php
No syntax errors detected in ./tests/Unit/AppInfoDependenciesTest.php
No syntax errors detected in ./tests/Unit/Repair/InitializeSettingsTest.php
No syntax errors detected in ./tests/Unit/Repair/InitializeDemoPortalTest.php
No syntax errors detected in ./tests/Unit/PortaliqTest.php
No syntax errors detected in ./tests/Unit/AppInfo/CanonicalSettingsWriteRouteTest.php
No syntax errors detected in ./tests/Unit/AppInfo/StoreRouteWiringTest.php
No syntax errors detected in ./tests/Unit/AppInfo/StorePlaneRegistrarTest.php
No syntax errors detected in ./tests/Unit/Service/CitizenWriteRecorderTest.php
No syntax errors detected in ./tests/Unit/Service/TrafficEventValidatorTest.php
No syntax errors detected in ./tests/Unit/Service/PortalTaskGatewayTest.php
No syntax errors detected in ./tests/Unit/Service/SubmissionReceiptServiceTest.php
No syntax errors detected in ./tests/Unit/Service/CmsReaderTest.php
No syntax errors detected in ./tests/Unit/Service/OidcClaimMapperServiceTest.php
No syntax errors detected in ./tests/Unit/Service/PageEditorServiceTest.php
No syntax errors detected in ./tests/Unit/Service/ActionAuthServiceTest.php
No syntax errors detected in ./tests/Unit/Service/PortalRegisterContextTest.php
No syntax errors detected in ./tests/Unit/Service/TrafficAggregationServiceTest.php
No syntax errors detected in ./tests/Unit/Service/PortalAccountServiceTest.php
No syntax errors detected in ./tests/Unit/Service/TrafficReportServiceTest.php
No syntax errors detected in ./tests/Unit/Service/PortalOrganisationConfigServiceTest.php
No syntax errors detected in ./tests/Unit/Service/PortalFileReaderTest.php
No syntax errors detected in ./tests/Unit/Service/CitizenWriteThrottleTest.php
No syntax errors detected in ./tests/Unit/Service/CitizenWithdrawalResolutionTest.php
No syntax errors detected in ./tests/Unit/Service/PortalSessionServiceTest.php
No syntax errors detected in ./tests/Unit/Service/PortalThemeResolverTest.php
No syntax errors detected in ./tests/Unit/Service/Identity/PortalMandateServiceTest.php
No syntax errors detected in ./tests/Unit/Service/Identity/PortalReferenceLinkServiceTest.php
No syntax errors detected in ./tests/Unit/Service/Identity/PortalIdentityStoreTrait.php
No syntax errors detected in ./tests/Unit/Service/Identity/PortalSelfServiceServiceTest.php
No syntax errors detected in ./tests/Unit/Service/Identity/PortalChallengeServiceTest.php
No syntax errors detected in ./tests/Unit/Service/Identity/PortalInvitationServiceTest.php
No syntax errors detected in ./tests/Unit/Service/Identity/PortalRegistrationPolicyServiceTest.php
No syntax errors detected in ./tests/Unit/Service/Identity/PortalPartyTreeResolverTest.php
No syntax errors detected in ./tests/Unit/Service/Identity/PortalAccessRequestServiceTest.php
No syntax errors detected in ./tests/Unit/Service/Reports/ReportWithoutAnAccountTest.php
No syntax errors detected in ./tests/Unit/Service/DemoDataServiceTest.php
No syntax errors detected in ./tests/Unit/Service/NotificationDispatchServiceTest.php
No syntax errors detected in ./tests/Unit/Service/TrafficConfigResolverTest.php
No syntax errors detected in ./tests/Unit/Service/Connection/ConnectionReporterTest.php
No syntax errors detected in ./tests/Unit/Service/Connection/ConnectionObservationsTest.php
No syntax errors detected in ./tests/Unit/Service/Connection/ConnectionReportCallersTest.php
No syntax errors detected in ./tests/Unit/Service/Intake/PortalBindingPreviewTest.php
No syntax errors detected in ./tests/Unit/Service/Intake/PortalEmbedThrottleTest.php
No syntax errors detected in ./tests/Unit/Service/Intake/PortalFormValidatorTest.php
No syntax errors detected in ./tests/Unit/Service/Intake/PortalApplicantPrefillTest.php
No syntax errors detected in ./tests/Unit/Service/Intake/PortalEmbedSnippetDescriptionTest.php
No syntax errors detected in ./tests/Unit/Service/Intake/PortalFormBindingResolverTest.php
No syntax errors detected in ./tests/Unit/Service/Intake/PortalEmbedHeightTest.php
No syntax errors detected in ./tests/Unit/Service/Intake/PortalEmbedGuardTest.php
No syntax errors detected in ./tests/Unit/Service/Intake/PortalIntakeQueueTest.php
No syntax errors detected in ./tests/Unit/Service/Intake/PortalEntryPointContentTest.php
No syntax errors detected in ./tests/Unit/Service/Intake/PortalCatalogueReaderTest.php
No syntax errors detected in ./tests/Unit/Service/PortalResolverTest.php
No syntax errors detected in ./tests/Unit/Service/Proposals/ProposalServiceTest.php
No syntax errors detected in ./tests/Unit/Service/LandingPageProvisioningServiceTest.php
No syntax errors detected in ./tests/Unit/Service/TrafficIngestServiceTest.php
No syntax errors detected in ./tests/Unit/Service/PortalAccountProvisionTest.php
No syntax errors detected in ./tests/Unit/Service/PortalCrossRefGuardTest.php
No syntax errors detected in ./tests/Unit/Service/OidcClientServiceTest.php
No syntax errors detected in ./tests/Unit/Service/AuditTrailServiceTest.php
No syntax errors detected in ./tests/Unit/Service/CitizenWritableSetResolverTest.php
No syntax errors detected in ./tests/Unit/Service/PortalCaseListReaderTest.php
No syntax errors detected in ./tests/Unit/Service/PortalAuditHookTest.php
No syntax errors detected in ./tests/Unit/Service/PortalRuntimeConfigResolverTest.php
No syntax errors detected in ./tests/Unit/Service/Traffic/UserAgentClassifierTest.php
No syntax errors detected in ./tests/Unit/Service/Traffic/TrafficReportDeliveryTest.php
No syntax errors detected in ./tests/Unit/Service/Traffic/ReferrerClassifierTest.php
No syntax errors detected in ./tests/Unit/Service/Traffic/TrafficRollupSumTest.php
No syntax errors detected in ./tests/Unit/Service/Traffic/FakeAppConfig.php
No syntax errors detected in ./tests/Unit/Service/Traffic/TrafficRecordingServiceTest.php
No syntax errors detected in ./tests/Unit/Service/Traffic/TrafficReportMailTest.php
No syntax errors detected in ./tests/Unit/Service/Traffic/TrafficLogImporterTest.php
No syntax errors detected in ./tests/Unit/Service/Traffic/TrafficSegmentsTest.php
No syntax errors detected in ./tests/Unit/Service/Traffic/TrafficExperimentsTest.php
No syntax errors detected in ./tests/Unit/Service/Traffic/TrafficServerTokenTest.php
No syntax errors detected in ./tests/Unit/Service/Traffic/TrafficFormStatsTest.php
No syntax errors detected in ./tests/Unit/Service/Traffic/TrafficReportDefinitionsTest.php
No syntax errors detected in ./tests/Unit/Service/Traffic/TrafficRecordingMaskTest.php
No syntax errors detected in ./tests/Unit/Service/Traffic/TrafficGoalsTest.php
No syntax errors detected in ./tests/Unit/Service/Traffic/TrafficLogParserTest.php
No syntax errors detected in ./tests/Unit/Service/Traffic/Geo/GzipExtractorTest.php
No syntax errors detected in ./tests/Unit/Service/Traffic/Geo/GeoSettingsTest.php
No syntax errors detected in ./tests/Unit/Service/Traffic/Geo/GeoRefreshServiceTest.php
No syntax errors detected in ./tests/Unit/Service/Traffic/Geo/MmdbGeoResolverTest.php
No syntax errors detected in ./tests/Unit/Service/Traffic/Geo/MaxMindProviderTest.php
No syntax errors detected in ./tests/Unit/Service/Traffic/Geo/DbIpLiteProviderTest.php
No syntax errors detected in ./tests/Unit/Service/Traffic/TrafficEventStoreTest.php
No syntax errors detected in ./tests/Unit/Service/Traffic/TrafficRollupTest.php
No syntax errors detected in ./tests/Unit/Service/Traffic/TrafficMetricsTest.php
No syntax errors detected in ./tests/Unit/Service/Traffic/TrafficFunnelsTest.php
No syntax errors detected in ./tests/Unit/Service/Traffic/TrafficSessioniserTest.php
No syntax errors detected in ./tests/Unit/Service/Traffic/TrafficHeatmapStatsTest.php
No syntax errors detected in ./tests/Unit/Service/Traffic/VisitorHasherTest.php
No syntax errors detected in ./tests/Unit/Service/PortalJwtServiceTest.php
No syntax errors detected in ./tests/Unit/Service/PortalObjectWriterTest.php
No syntax errors detected in ./tests/Unit/Service/PortalInboxReaderTest.php
No syntax errors detected in ./tests/Unit/Service/PortalObjectReaderTest.php
No syntax errors detected in ./tests/Unit/Service/SettingsServiceTest.php
No syntax errors detected in ./tests/Unit/Service/Tasks/PortalCaseAccessGuardTest.php
No syntax errors detected in ./tests/Unit/Service/Tasks/PartnerAskServiceTest.php
No syntax errors detected in ./tests/Unit/Service/PortalDeepLinkBuilderTest.php
No syntax errors detected in ./tests/Unit/Service/OidcStateStoreServiceTest.php
No syntax errors detected in ./tests/Unit/Listener/CmsCacheInvalidationListenerTest.php
No syntax errors detected in ./tests/Unit/Listener/LandingPageSubmissionDispatchListenerTest.php
No syntax errors detected in ./tests/Unit/Listener/PortalAccountEventListenerTest.php
No syntax errors detected in ./tests/Unit/Listener/LandingPageRequestedEventListenerTest.php
No syntax errors detected in ./tests/Unit/Command/TrafficReportingCommandsTest.php
No syntax errors detected in ./tests/Unit/Command/TrafficGeoRefreshTest.php
No syntax errors detected in ./tests/Unit/Contribution/CitizenDocumentUploadTest.php
No syntax errors detected in ./tests/Unit/Contribution/CitizenWriteConfigNormaliserTest.php
No syntax errors detected in ./tests/Unit/Contribution/CrossRefConfigNormaliserTest.php
No syntax errors detected in ./tests/Unit/Contribution/PortalContributionRegistryTest.php
No syntax errors detected in ./tests/Unit/Contribution/PortalContributionFilterTest.php
No syntax errors detected in ./tests/Unit/Contribution/PortalManifestNormaliserTest.php
No syntax errors detected in ./tests/Unit/Contribution/PortalProviderLocatorTest.php
No syntax errors detected in ./tests/Unit/Sections/SettingsSectionTest.php
No syntax errors detected in ./tests/Unit/Portal/PortalContributionProviderTest.php
No syntax errors detected in ./tests/Unit/Notification/NotifierTest.php
No syntax errors detected in ./tests/Unit/Settings/PortaliqRegisterConfigTest.php
No syntax errors detected in ./tests/Unit/Settings/RegisterAuthorizationTest.php
No syntax errors detected in ./tests/Unit/Settings/RegisterMcpAnnotationTest.php
No syntax errors detected in ./tests/Unit/Settings/ConnectionsDeclarationTest.php
No syntax errors detected in ./templates/embed.php
No syntax errors detected in ./templates/settings/admin.php
No syntax errors detected in ./templates/portal.php
No syntax errors detected in ./templates/site.php
No syntax errors detected in ./templates/index.php
No syntax errors detected in ./scripts/coverage-guard.php
No syntax errors detected in ./appinfo/routes.php
No syntax errors detected in ./lib/BackgroundJob/TrafficGeoFirstDownloadJob.php
No syntax errors detected in ./lib/BackgroundJob/TrafficGeoRefreshJob.php
No syntax errors detected in ./lib/BackgroundJob/PortalTaskDeliveryJob.php
No syntax errors detected in ./lib/BackgroundJob/NotificationDispatchJob.php
No syntax errors detected in ./lib/BackgroundJob/TrafficAggregationJob.php
No syntax errors detected in ./lib/BackgroundJob/TrafficReportJob.php
No syntax errors detected in ./lib/BackgroundJob/PortalIntakeDeliveryJob.php
No syntax errors detected in ./lib/Controller/HealthController.php
No syntax errors detected in ./lib/Controller/SettingsController.php
No syntax errors detected in ./lib/Controller/ContributionController.php
No syntax errors detected in ./lib/Controller/PortalAccountAdminController.php
No syntax errors detected in ./lib/Controller/DashboardController.php
No syntax errors detected in ./lib/Controller/PortalIntakeController.php
No syntax errors detected in ./lib/Controller/WooController.php
No syntax errors detected in ./lib/Controller/SessionController.php
No syntax errors detected in ./lib/Controller/ReportController.php
No syntax errors detected in ./lib/Controller/PortalPageController.php
No syntax errors detected in ./lib/Controller/PortalEmbedController.php
No syntax errors detected in ./lib/Controller/PreferencesController.php
No syntax errors detected in ./lib/Controller/ProposalController.php
No syntax errors detected in ./lib/Controller/TrafficReportController.php
No syntax errors detected in ./lib/Controller/MyCasesController.php
No syntax errors detected in ./lib/Controller/CmsEditorController.php
No syntax errors detected in ./lib/Controller/PortalTaskProxyController.php
No syntax errors detected in ./lib/Controller/TrafficController.php
No syntax errors detected in ./lib/Controller/CitizenCaseController.php
No syntax errors detected in ./lib/Controller/SessionAdminController.php
No syntax errors detected in ./lib/Controller/PortalAccountSelfController.php
No syntax errors detected in ./lib/Controller/PartnerTaskController.php
No syntax errors detected in ./lib/Controller/MetricsController.php
No syntax errors detected in ./lib/Controller/SetupController.php
No syntax errors detected in ./lib/Controller/ContentController.php
No syntax errors detected in ./lib/Controller/PortalIdentityController.php
No syntax errors detected in ./lib/Middleware/PortalAuthMiddleware.php
No syntax errors detected in ./lib/Middleware/PublicApiCorsMiddleware.php
No syntax errors detected in ./lib/Repair/InitializeActions.php
No syntax errors detected in ./lib/Repair/InitializeSettings.php
No syntax errors detected in ./lib/Repair/RenameDutchColumns.php
No syntax errors detected in ./lib/Repair/InitializeDemoPortal.php
No syntax errors detected in ./lib/Event/PortalReportRevealedEvent.php
No syntax errors detected in ./lib/Event/PortalAccountProvisionRequestedEvent.php
No syntax errors detected in ./lib/Event/LandingPageFormSubmittedEvent.php
No syntax errors detected in ./lib/Event/PortalClientWriteEvent.php
No syntax errors detected in ./lib/Event/PortalClientWithdrawalEvent.php
No syntax errors detected in ./lib/Event/PortalAccountClaimRequestedEvent.php
No syntax errors detected in ./lib/Event/LandingPageRequestedEvent.php
No syntax errors detected in ./lib/AppInfo/StorePlaneRegistrar.php
No syntax errors detected in ./lib/AppInfo/Application.php
No syntax errors detected in ./lib/Service/PortalFieldProjector.php
No syntax errors detected in ./lib/Service/ActionAuthService.php
No syntax errors detected in ./lib/Service/PortalAccountService.php
No syntax errors detected in ./lib/Service/PortalDeepLinkBuilder.php
No syntax errors detected in ./lib/Service/PortalInboxReader.php
No syntax errors detected in ./lib/Service/CmsReader.php
No syntax errors detected in ./lib/Service/PortalObjectWriter.php
No syntax errors detected in ./lib/Service/OidcClaimMapperService.php
No syntax errors detected in ./lib/Service/PortalFileWriter.php
No syntax errors detected in ./lib/Service/PortalRegisterContext.php
No syntax errors detected in ./lib/Service/DemoDataService.php
No syntax errors detected in ./lib/Service/TrafficAggregationService.php
No syntax errors detected in ./lib/Service/CaseTypeReader.php
No syntax errors detected in ./lib/Service/OidcClientService.php
No syntax errors detected in ./lib/Service/Identity/PortalChallengeService.php
No syntax errors detected in ./lib/Service/Identity/PortalAccessRequestService.php
No syntax errors detected in ./lib/Service/Identity/PortalPartyTreeResolver.php
No syntax errors detected in ./lib/Service/Identity/PortalRegistrationPolicyService.php
No syntax errors detected in ./lib/Service/Identity/PortalAccountLookup.php
No syntax errors detected in ./lib/Service/Identity/PortalInvitationService.php
No syntax errors detected in ./lib/Service/Identity/PortalMandateService.php
No syntax errors detected in ./lib/Service/Identity/PortalSelfServiceService.php
No syntax errors detected in ./lib/Service/Identity/PortalReferenceLinkService.php
No syntax errors detected in ./lib/Service/TrafficReportService.php
No syntax errors detected in ./lib/Service/Reports/ReportThreadService.php
No syntax errors detected in ./lib/Service/Reports/ReportIntakeService.php
No syntax errors detected in ./lib/Service/Reports/ReportProjection.php
No syntax errors detected in ./lib/Service/Reports/RevealService.php
No syntax errors detected in ./lib/Service/Reports/ReportTermsService.php
No syntax errors detected in ./lib/Service/TrafficIngestService.php
No syntax errors detected in ./lib/Service/PortalCaseListReader.php
No syntax errors detected in ./lib/Service/Connection/ConnectionObservations.php
No syntax errors detected in ./lib/Service/Connection/ConnectionReporter.php
No syntax errors detected in ./lib/Service/CitizenWritableSetResolver.php
No syntax errors detected in ./lib/Service/Intake/PortalFormValidator.php
No syntax errors detected in ./lib/Service/Intake/PortalEmbedHeight.php
No syntax errors detected in ./lib/Service/Intake/PortalFormBindingResolver.php
No syntax errors detected in ./lib/Service/Intake/PortalCatalogueReader.php
No syntax errors detected in ./lib/Service/Intake/PortalIntakeQueue.php
No syntax errors detected in ./lib/Service/Intake/PortalBindingPreview.php
No syntax errors detected in ./lib/Service/Intake/PortalApplicantPrefill.php
No syntax errors detected in ./lib/Service/Intake/PortalEmbedSnippetDescription.php
No syntax errors detected in ./lib/Service/Intake/PortalEmbedThrottle.php
No syntax errors detected in ./lib/Service/Intake/PortalEmbedGuard.php
No syntax errors detected in ./lib/Service/Intake/PortalEntryPointContent.php
No syntax errors detected in ./lib/Service/PortalActionForwarder.php
No syntax errors detected in ./lib/Service/SubmissionReceiptService.php
No syntax errors detected in ./lib/Service/TrafficConfigResolver.php
No syntax errors detected in ./lib/Service/LandingPageProvisioningService.php
No syntax errors detected in ./lib/Service/Proposals/ProposalService.php
No syntax errors detected in ./lib/Service/Proposals/ReviewerObjectWriter.php
No syntax errors detected in ./lib/Service/Proposals/ProposalQueueReader.php
No syntax errors detected in ./lib/Service/SettingsService.php
No syntax errors detected in ./lib/Service/PortalSessionService.php
No syntax errors detected in ./lib/Service/NotificationDispatchService.php
No syntax errors detected in ./lib/Service/PortalTaskGateway.php
No syntax errors detected in ./lib/Service/PortalResolver.php
No syntax errors detected in ./lib/Service/OidcStateStoreService.php
No syntax errors detected in ./lib/Service/PortalAuditHook.php
No syntax errors detected in ./lib/Service/PortalOrganisationConfigService.php
No syntax errors detected in ./lib/Service/PortalFileReader.php
No syntax errors detected in ./lib/Service/PageEditorService.php
No syntax errors detected in ./lib/Service/PortalObjectReader.php
No syntax errors detected in ./lib/Service/AuditTrailService.php
No syntax errors detected in ./lib/Service/PortalCrossRefGuard.php
No syntax errors detected in ./lib/Service/CitizenWriteRecorder.php
No syntax errors detected in ./lib/Service/Traffic/TrafficRollup.php
No syntax errors detected in ./lib/Service/Traffic/TrafficReportDefinitions.php
No syntax errors detected in ./lib/Service/Traffic/TrafficExport.php
No syntax errors detected in ./lib/Service/Traffic/TrafficRollupSum.php
No syntax errors detected in ./lib/Service/Traffic/TrafficJourneyStats.php
No syntax errors detected in ./lib/Service/Traffic/TrafficLogImporter.php
No syntax errors detected in ./lib/Service/Traffic/TrafficHeatmapStats.php
No syntax errors detected in ./lib/Service/Traffic/TrafficReportMail.php
No syntax errors detected in ./lib/Service/Traffic/TrafficLogParser.php
No syntax errors detected in ./lib/Service/Traffic/UserAgentClassifier.php
No syntax errors detected in ./lib/Service/Traffic/NullGeoResolver.php
No syntax errors detected in ./lib/Service/Traffic/TrafficMetrics.php
No syntax errors detected in ./lib/Service/Traffic/TrafficEventStore.php
No syntax errors detected in ./lib/Service/Traffic/TrafficServerToken.php
No syntax errors detected in ./lib/Service/Traffic/RawRequestBody.php
No syntax errors detected in ./lib/Service/Traffic/TrafficSessioniser.php
No syntax errors detected in ./lib/Service/Traffic/TrafficFormStats.php
No syntax errors detected in ./lib/Service/Traffic/TrafficExperimentDefinitions.php
No syntax errors detected in ./lib/Service/Traffic/TrafficOutcomeDefinitions.php
No syntax errors detected in ./lib/Service/Traffic/TrafficGoals.php
No syntax errors detected in ./lib/Service/Traffic/TrafficRecordingMask.php
No syntax errors detected in ./lib/Service/Traffic/TrafficOutcomeParams.php
No syntax errors detected in ./lib/Service/Traffic/TrafficDimensionCounts.php
No syntax errors detected in ./lib/Service/Traffic/VisitorHasher.php
No syntax errors detected in ./lib/Service/Traffic/TrafficReportNumbers.php
No syntax errors detected in ./lib/Service/Traffic/TrafficRecordingService.php
No syntax errors detected in ./lib/Service/Traffic/TrafficReportPeriods.php
No syntax errors detected in ./lib/Service/Traffic/TrafficErrorStats.php
No syntax errors detected in ./lib/Service/Traffic/ReferrerClassifier.php
No syntax errors detected in ./lib/Service/Traffic/Geo/MmdbGeoResolver.php
No syntax errors detected in ./lib/Service/Traffic/Geo/GeoDatabaseProvider.php
No syntax errors detected in ./lib/Service/Traffic/Geo/GeoSettings.php
No syntax errors detected in ./lib/Service/Traffic/Geo/GeoRefreshService.php
No syntax errors detected in ./lib/Service/Traffic/Geo/GzipExtractor.php
No syntax errors detected in ./lib/Service/Traffic/Geo/MaxMindProvider.php
No syntax errors detected in ./lib/Service/Traffic/Geo/DbIpLiteProvider.php
No syntax errors detected in ./lib/Service/Traffic/Geo/GeoDatabaseStore.php
No syntax errors detected in ./lib/Service/Traffic/TrafficMatch.php
No syntax errors detected in ./lib/Service/Traffic/TrafficServerBatch.php
No syntax errors detected in ./lib/Service/Traffic/TrafficReportDelivery.php
No syntax errors detected in ./lib/Service/Traffic/TrafficRecordingStore.php
No syntax errors detected in ./lib/Service/Traffic/GeoResolverInterface.php
No syntax errors detected in ./lib/Service/Traffic/TrafficExperiments.php
No syntax errors detected in ./lib/Service/Traffic/TrafficSegments.php
No syntax errors detected in ./lib/Service/Traffic/TrafficFunnels.php
No syntax errors detected in ./lib/Service/PortalSchemaReader.php
No syntax errors detected in ./lib/Service/PortalThemeResolver.php
No syntax errors detected in ./lib/Service/CitizenWriteThrottle.php
No syntax errors detected in ./lib/Service/TrafficEventValidator.php
No syntax errors detected in ./lib/Service/Tasks/PortalCaseAccessGuard.php
No syntax errors detected in ./lib/Service/Tasks/PartnerAskService.php
No syntax errors detected in ./lib/Service/PortalJwtService.php
No syntax errors detected in ./lib/Service/PortalRuntimeConfigResolver.php
No syntax errors detected in ./lib/Auth/PortalProtected.php
No syntax errors detected in ./lib/Auth/PortalUnauthorizedException.php
No syntax errors detected in ./lib/Listener/CmsCacheInvalidationListener.php
No syntax errors detected in ./lib/Listener/LandingPageRequestedEventListener.php
No syntax errors detected in ./lib/Listener/LandingPageSubmissionDispatchListener.php
No syntax errors detected in ./lib/Listener/PortalAccountClaimListener.php
No syntax errors detected in ./lib/Listener/PortalAccountProvisionListener.php
No syntax errors detected in ./lib/Command/TrafficImportLog.php
No syntax errors detected in ./lib/Command/TrafficGeoRefresh.php
No syntax errors detected in ./lib/Command/TrafficToken.php
No syntax errors detected in ./lib/Contribution/PortalProviderLocator.php
No syntax errors detected in ./lib/Contribution/PortalManifestNormaliser.php
No syntax errors detected in ./lib/Contribution/PortalPageResolver.php
No syntax errors detected in ./lib/Contribution/IPortalContributionProvider.php
No syntax errors detected in ./lib/Contribution/CrossRefConfigNormaliser.php
No syntax errors detected in ./lib/Contribution/CitizenDocumentUpload.php
No syntax errors detected in ./lib/Contribution/CollectionConfigNormaliser.php
No syntax errors detected in ./lib/Contribution/ActionConfigNormaliser.php
No syntax errors detected in ./lib/Contribution/ActionOptionsNormaliser.php
No syntax errors detected in ./lib/Contribution/PortalContributionFilter.php
No syntax errors detected in ./lib/Contribution/PortalBlockResolver.php
No syntax errors detected in ./lib/Contribution/PortalContributionRegistry.php
No syntax errors detected in ./lib/Contribution/CitizenWriteActionFinder.php
No syntax errors detected in ./lib/Contribution/ManifestValueNormaliser.php
No syntax errors detected in ./lib/Contribution/CitizenWriteConfigNormaliser.php
No syntax errors detected in ./lib/Sections/SettingsSection.php
No syntax errors detected in ./lib/Portal/PortalContributionProvider.php
No syntax errors detected in ./lib/Notification/Notifier.php
No syntax errors detected in ./lib/Settings/PortaliqAdmin.php
No syntax errors detected in ./lib/Settings/AdminSettings.php
No syntax errors detected in ./.php-cs-fixer.dist.php
No syntax errors detected in ./.tmp/phpstan/resultCache.php
No syntax errors detected in ./.tmp/phpstan/cache/nette.configurator/Container_9677b824c8.php
No syntax errors detected in ./.tmp/phpstan/cache/nette.configurator/Container_655d39ca2c.php
No syntax errors detected in ./.tmp/phpstan/cache/PHPStan/49/53/495385bc3bf54ebdd6eb23a95ba4d27c4b43ec0746b66ad1bc08a7b4e383cf0d.php
No syntax errors detected in ./.tmp/phpstan/cache/PHPStan/49/23/49230e32220403536357f6a12aced734ce860ab0903566eed5816ec98860feeb.php
No syntax errors detected in ./.tmp/phpstan/cache/PHPStan/6d/8a/6d8a6942f77b2a2d758c24fe698bad7a87dc67675ee72b1ecd39e213b1993f0e.php
No syntax errors detected in ./.tmp/phpstan/cache/PHPStan/6d/23/6d2351cb3554e6357de97cfd444056272992a93040d5569f7e9e0e6cca3bffa3.php
No syntax errors detected in ./.tmp/phpstan/cache/PHPStan/6d/e0/6de036da37c4658b2a3a09ddb375521f94d70a8e2025ee74425b2a98a206f9d2.php
No syntax errors detected in ./.tmp/phpstan/cache/PHPStan/6d/31/6d31a67a24c4ab429a666b42e3e1a25990d0c21d25db3d8be5c762e02023d86f.php
No syntax errors detected in ./.tmp/phpstan/cache/PHPStan/52/d5/52d549f635188307fb3e63d2b92b3528f127c8e92f6d1292dcdb4f22b60b1394.php
No syntax errors detected in ./.tmp/phpstan/cache/PHPStan/52/2d/522dceb901484998504d5965e2464bd6075f6d84c797318f649c16d14cbbe1fa.php
No syntax errors detected in ./.tmp/phpstan/cache/PHPStan/52/c0/52c02bcf6919b7a1bc41ef1509be910c54c9b7d4930d52edab7c5fde0506e8ec.php
No syntax errors detected in ./.tmp/phpstan/cache/PHPStan/52/10/52107e568220659d7e61fdea9577db2e88e45a0305346c099c77b110e13b0489.php
No syntax errors detected in ./.tmp/phpstan/cache/PHPStan/27/61/276189b922f08f772891514f0b6b0f540c024727f5816bf7451367013a4117a0.php
No syntax errors detected in ./.tmp/phpstan/cache/PHPStan/27/80/2780f2ac69c937b3ecc5ff02db7de5dad4ce7757d7e480f2fcd82a4f8a222965.php
No syntax errors detected in ./.tmp/phpstan/cache/PHPStan/27/c2/27c2821dad11bbb58bf2625d433887095741d5e75a45c60ce6b625dad4436e3c.php
No syntax errors detected in ./.tmp/phpstan/cache/PHPStan/c5/b0/c5b0a0cbc8dea799a7a7367ccc164ed949a90da16c44bdb586536f07ec24b540.php
No syntax errors detected in ./.tmp/phpstan/cache/PHPStan/c5/7e/c57efd896fa7ba9e873b15dba2eb92ff6e187c44bc1920fbe72b28acc66cd811.php
No syntax errors detected in ./.tmp/phpstan/cache/PHPStan/c5/b2/c5b2593d59437a61b2d59ee7d719d8c494012b1c931ab87e167b97c8663ac775.php
No syntax errors detected in ./.tmp/phpstan/cache/PHPStan/1c/aa/1caacf9fdc6da96e43d01e6ccd90ef1ae5452c011188eb477a6d2f468ac279b8.php
No syntax errors detected in ./.tmp/phpstan/cache/PHPStan/0a/5c/0a5cb25348e844cdcb22e7817709ff6d6d9a2b8e5e893253999fabcd5c71edd7.php
No syntax errors detected in ./.tmp/phpstan/cache/PHPStan/0a/7e/0a7ec8d2a1974b3470e6c17218597cdae5a35e2c5ee2558ec2103b75082ca88b.php
No syntax errors detected in ./.tmp/phpstan/cache/PHPStan/0a/0c/0a0ce52fd7c71689c3bb1934563acce47df8e8bea23f00a5f981e2f2dc2d23cc.php
No syntax errors detected in ./.tmp/phpstan/cache/PHPStan/7d/82/7d82bf71d1ae7edb3a3dcbfb0f7c6e0be59fdc0728f6c55261dd35ca68929348.php
No syntax errors detected in ./.tmp/phpstan/cache/PHPStan/7d/03/7d03e0ba6de2b16046cd3b629ff359f2877282206b4b2a2d85fe7923ec401246.php
No syntax errors detected in ./.tmp/phpstan/cache/PHPStan/20/97/20975a00013939335d34648ba1c13e043f115c711a862ded76b29b9b3f2db075.php
No syntax errors detected in ./.tmp/phpstan/cache/PHPStan/20/b3/20b32beb9738f7b25b63e93a21a5365a94df5c7c03711b9b70b9c0ef783adb51.php
No syntax errors detected in ./.tmp/phpstan/cache/PHPStan/82/8c/828c96358f6978d76c88229102ad93e468a64229f032895fe4054463bd6cb1ee.php
No syntax errors detected in ./.tmp/phpstan/cache/PHPStan/8e/89/8e89e5d3adc04b7ab430471e8e5b190abb19a4130376fa86228d0495c210c81f.php
No syntax errors detected in ./.tmp/phpstan/cache/PHPStan/06/4c/064c586291826c4c9d64fa326043c1038aa7ac39790ffb75685c9bda4f7cabf4.php
No syntax errors detected in ./.tmp/phpstan/cache/PHPStan/06/67/0667725ce23432ded899ec1b3be7fc9ad42af3f50051ed7b423f4e7daa86c3aa.php
No syntax errors detected in ./.tmp/phpstan/cache/PHPStan/06/23/0623f05f3a34b9cb38493f6949031a77f1cbf9b4ecd909a52cb9a6c3248e31c9.php
No syntax errors detected in ./.tmp/phpstan/cache/PHPStan/06/84/06840971e666fac3635caa79d00b8fd47eff95c97acc6b7337b1a0187bb0cb79.php
No syntax errors detected in ./.tmp/phpstan/cache/PHPStan/06/83/068390906ccbd423fb8ef7fe3447003e387fa2a116a62b2e498cf1af0be7d743.php
No syntax errors detected in ./.tmp/phpstan/cache/PHPStan/06/b9/06b9beae34a89b29cf8f3ab5ac1f7a0bcc8e029728513a38712ae6745c46e90e.php
No syntax errors detected in ./.tmp/phpstan/cache/PHPStan/e3/64/e3641d2f08696ee1edc5ff73b3843ae6b9a7acaa5707c2a7f382aca209be36fe.php
No syntax errors detected in ./.tmp/phpstan/cache/PHPStan/e3/40/e34010d8f89de87a9a74d3a961a5b366875f7f768ea849a0d17241437e2ad0cb.php
No syntax errors detected in ./.tmp/phpstan/cache/PHPStan/e3/9e/e39e5986be0aeb7684b69c8e55f94daedd310e6b531c415d46d1d869e266fab5.php
No syntax errors detected in ./.tmp/phpstan/cache/PHPStan/e3/4a/e34aec3b88a31477bbdcec2bd11f3dbe3f9c830958c2a78ed8ba7db960803260.php
No syntax errors detected in ./.tmp/phpstan/cache/PHPStan/e3/ef/e3ef95c09feea3411f5142e3942af5e5521bb5e4359427e764bc19a02a116e71.php
No syntax errors detected in ./.tmp/phpstan/cache/PHPStan/e3/1a/e31a28095b44cb763d82b4dd19533a7344231d676c494e7fcecd3e3257aca56e.php
No syntax errors detected in ./.tmp/phpstan/cache/PHPStan/c3/0a/c30a98097dc1f96ab1cdd8b9d805a8c60760287fbff4dc2ddd0602f90ddf09fd.php
No syntax errors detected in ./.tmp/phpstan/cache/PHPStan/c3/36/c336969ecce08e61a2d9537b86c23b3484865a9b68b71a63eddad4759b5b749a.php
No syntax errors detected in ./.tmp/phpstan/cache/PHPStan/c3/9d/c39df7b57233ddc3d97573a78bd65fe138f2dd1669cc2698ed29850231340e96.php
No syntax errors detected in ./.tmp/phpstan/cache/PHPStan/cc/e3/cce3c82d4ae440753c96e3204f891b3fe4505f455159607d0c31e074b32a7ea3.php
No syntax errors detected in ./.tmp/phpstan/cache/PHPStan/cc/00/cc00d2f0216f39895b1a657dd61aa25670c4293b6316c1ec58dc6cb67f8b67a5.php
No syntax errors detected in ./.tmp/phpstan/cache/PHPStan/cc/e4/cce41bcdd88b9230727dbf9e687b6b6cd8e6018c7512775bedd9c1b493953f02.php
No syntax errors detected in ./.tmp/phpstan/cache/PHPStan/4c/14/4c14417e897e645f9a02129aa9902569a244d50ea120b516bdacec6fddbf4279.php
No syntax errors detected in ./.tmp/phpstan/cache/PHPStan/4c/56/4c5624b213236f7ba9b0da6d3272b28f6c32576a41319cfbba2cda537c48bb6b.php
No syntax errors detected in ./.tmp/phpstan/cache/PHPStan/4c/ab/4cabc0c61208b29c61751d7c8684e508316d93535653ca03845da36071975c22.php
No syntax errors detected in ./.tmp/phpstan/cache/PHPStan/7c/0a/7c0a1609b8bfc176150ccee39a1284a52dd0b69c1cc2cc55bf68476720f1922e.php
No syntax errors detected in ./.tmp/phpstan/cache/PHPStan/7c/7d/7c7d616b38e28a924cb4a7bdd2cec3814aee9c561383e2c5c6c65855954d1a05.php
No syntax errors detected in ./.tmp/phpstan/cache/PHPStan/96/ab/96abaf0f2f3e45eb194ad70db55b21655d0ce4efddb92fbace4ec8718bfcf215.php
No syntax errors detected in ./.tmp/phpstan/cache/PHPStan/96/43/964354f892bb44081a49b8412b0c7335ba3b9ea4a6ede4ef7800a130cbde3dbd.php
No syntax errors detected in ./.tmp/phpstan/cache/PHPStan/96/2b/962bdaf0dc5ed4b0be0790ac98330304713e5d338dbb9a22a499b723d6b5b87e.php
No syntax errors detected in ./.tmp/phpstan/cache/PHPStan/ad/06/ad06531a671d942eaae0381528d4cebad2668bfa7de47cef5bca61b2124c8999.php
No syntax errors detected in ./.tmp/phpstan/cache/PHPStan/ad/96/ad96d103f851af47f936ea71f1f37287c1145fd6e384de4edf933dab19d1d589.php
No syntax errors detected in ./.tmp/phpstan/cache/PHPStan/ad/bb/adbb9d3a8c56c48a76c964f068acedbce9e1cc002da3319195c1724756edd857.php
No syntax errors detected in ./.tmp/phpstan/cache/PHPStan/ad/83/ad83074d3d947d3f84bb0d69a7fdb4605c5dbeb3396a9f9dca24072bf7a41707.php
No syntax errors detected in ./.tmp/phpstan/cache/PHPStan/ad/75/ad75a8a04b10f609ddb007f667dae547febc399d0a8ec0cde02238169febf175.php
No syntax errors detected in ./.tmp/phpstan/cache/PHPStan/a5/f2/a5f2253fbf8b6b7576ff305c54fda6bb5660658a8ee9844d7c3324dd3055eb6a.php
No syntax errors detected in ./.tmp/phpstan/cache/PHPStan/a5/11/a5113dc52174774462b86cb3e10f7940a662c98905b3ed35cb8b02c52724ad16.php
No syntax errors detected in ./.tmp/phpstan/cache/PHPStan/a5/ea/a5ea111b675ee6af3302a5b763ed7267d95ebf39ace8e6b35c38f2e457bcb59e.php
No syntax errors detected in ./.tmp/phpstan/cache/PHPStan/a5/eb/a5eb73164e29a2c3723a996ba006de7e5f410f80d0513e82543d97dd1374a192.php
No syntax errors detected in ./.tmp/phpstan/cache/PHPStan/a5/54/a5540bb23aca4f35e4ffd00644b33f0f4100bc29f4b557cfe15b612b65473e9c.php
No syntax errors detected in ./.tmp/phpstan/cache/PHPStan/a1/bb/a1bb79734ff0d361f48ef8d36ddfe8c14105ec1d012544e71f42e85f7fdacb1b.php
No syntax errors detected in ./.tmp/phpstan/cache/PHPStan/a1/fd/a1fd31d9f423d6be1c727248f9ac6eb1ad20891ed5ebaa3af0b043a8ec2cb19c.php
No syntax errors detected in ./.tmp/phpstan/cache/PHPStan/a1/8a/a18aedcb0ec1a04d084ae840ba78ed51da3d485054f9ed2358dc59913d36949a.php
No syntax errors detected in ./.tmp/phpstan/cache/PHPStan/be/5d/be5d0a978a6c1f6d3bb85d0cf01df214836fc054b89a913455159edd15ac690a.php
No syntax errors detected in ./.tmp/phpstan/cache/PHPStan/be/c7/bec771d74d2b2d2ef1260a2022c32fc6562b93ee38534f9d4ab77bcfeed06c4f.php
No syntax errors detected in ./.tmp/phpstan/cache/PHPStan/a2/8e/a28e64360b9b82a547ee903785ae35edb2dd0bdbd91d0103b291f55cab5f9731.php
No syntax errors detected in ./.tmp/phpstan/cache/PHPStan/a2/57/a257484a5904fb228a8af4d5861aa3ef98174b4bd7a2c8bbcbae6388d1341446.php
No syntax errors detected in ./.tmp/phpstan/cache/PHPStan/a2/63/a263740ad829dd5d3f77edfff8a37401899dcd4dac26c5139b7928f1db40d5e6.php
No syntax errors detected in ./.tmp/phpstan/cache/PHPStan/ee/35/ee355e83337cc490740ad60ccb09db275e8dbfffce5e122abf9080820a487e88.php
No syntax errors detected in ./.tmp/phpstan/cache/PHPStan/ee/98/ee9883a47f65ab4b413bd086f92b1013979c8378a6b22d8b7cabe9fd63f255af.php
No syntax errors detected in ./.tmp/phpstan/cache/PHPStan/ee/dc/eedc745192cc49d94150bb266ec744edea5f6dc78b0a90944b227b4c72c95593.php
No syntax errors detected in ./.tmp/phpstan/cache/PHPStan/ee/6f/ee6fc549e69ed7e312dc8940f845e8db4a94a1d8240f31193c1758b0593e894f.php
No syntax errors detected in ./.tmp/phpstan/cache/PHPStan/ee/6e/ee6e02df0540634c0c23adb12b8187b8b0564623ebeff49e300a3dece3a4cf24.php
No syntax errors detected in ./.tmp/phpstan/cache/PHPStan/53/61/5361665ae13c9be5471630d5237c7f8ddf77890fbf404740434bce05444e1d28.php
No syntax errors detected in ./.tmp/phpstan/cache/PHPStan/53/6c/536ce8bb442999109248bae39fd9c77f3a55285e9d89071dc40802b13c72ac3c.php
No syntax errors detected in ./.tmp/phpstan/cache/PHPStan/d7/a3/d7a33c1ee2d08919ff6599b7688405f2a801784b4ef720768b720e6a90936f22.php
No syntax errors detected in ./.tmp/phpstan/cache/PHPStan/d7/c4/d7c411038e189012b5e38e552b9cda554eb3623e1f088258f4d310a62ca14bf2.php
No syntax errors detected in ./.tmp/phpstan/cache/PHPStan/d7/9d/d79d44c624f1e98f94a8f49b95199803cc93661ad03bf078d079f762cda532af.php
No syntax errors detected in ./.tmp/phpstan/cache/PHPStan/d7/08/d708b748836dcd3cb3d77581e0522494fefef0a9f1608ce9f9b4514dda4070e0.php
No syntax errors detected in ./.tmp/phpstan/cache/PHPStan/d7/34/d73485af062b29d982c91b2b860e2b58471c12e8a8d3c67a97ec59c023d7dec4.php
No syntax errors detected in ./.tmp/phpstan/cache/PHPStan/44/0e/440e005075e4380d219f1daf53c64816db8b4df833d1f32b9d50481c304cf430.php
No syntax errors detected in ./.tmp/phpstan/cache/PHPStan/44/ca/44caf9485e8b26239a981d29aa4af8839d948016b126f6d328bc88c98521d31b.php
No syntax errors detected in ./.tmp/phpstan/cache/PHPStan/44/b7/44b78567a30a3bed40a64c38c8612f4607b41ae274ee4942b3819d93387dc8fd.php
No syntax errors detected in ./.tmp/phpstan/cache/PHPStan/3e/d7/3ed7a97a6cc09a32259adce546b4715ada695471ffdc2df49818c30e188edc66.php
No syntax errors detected in ./.tmp/phpstan/cache/PHPStan/3e/48/3e48e9ea2ff35c2511473f2e7b8d14a45bad771737144ab608d29bfb46b39cfe.php
No syntax errors detected in ./.tmp/phpstan/cache/PHPStan/3e/0d/3e0d846f321105e152feb7cbf8b5c0244f2af13b0ae3f09b0292e79399d9af5f.php
No syntax errors detected in ./.tmp/phpstan/cache/PHPStan/3e/75/3e750541ffd2abac878c929e57d9bcc0682cbd844845e9697bc13816293a37e6.php
No syntax errors detected in ./.tmp/phpstan/cache/PHPStan/30/a5/30a592637d8c18630863c8e4fade979de44bb36215839441e88b423d3406c156.php
No syntax errors detected in ./.tmp/phpstan/cache/PHPStan/30/bb/30bb71bd77de2879a52715c5e7830a8c2104ec342bd0fcd7bf0556984dac7cee.php
No syntax errors detected in ./.tmp/phpstan/cache/PHPStan/30/fe/30fe9eeab2ac5ffb6c356f55e335ab4037d39f710892823f9e933704872f2db1.php
No syntax errors detected in ./.tmp/phpstan/cache/PHPStan/30/4e/304ef24fb886da97ee5f116d667676fec56b99f3393257735b6f90362315000a.php
No syntax errors detected in ./.tmp/phpstan/cache/PHPStan/30/0e/300ebc77ef56f474e48bb98c5272b49ddd27167e13659933f3efab54faa55e89.php
No syntax errors detected in ./.tmp/phpstan/cache/PHPStan/30/0f/300f77745ea9bcdd696bbd3ad93cd57ba2bf35d80fa227c4d7b621508dbf7b34.php
No syntax errors detected in ./.tmp/phpstan/cache/PHPStan/a3/79/a3795720fa04f168bee54cdbe268c04c19e30e74966fa7b72a00ccf794236503.php
No syntax errors detected in ./.tmp/phpstan/cache/PHPStan/a3/fe/a3febbff6cb4601e90df01dab76e9526670b8f195e3a2c9625f21e35113493be.php
No syntax errors detected in ./.tmp/phpstan/cache/PHPStan/73/a8/73a8ebacee154d01a775e2f7c18b76570ab4c47447aa671e394789a4f08824d0.php
No syntax errors detected in ./.tmp/phpstan/cache/PHPStan/73/05/7305f18399596cc9f36863e2902a7912b8988ee97bf367cb6eb4e3fc13d55892.php
No syntax errors detected in ./.tmp/phpstan/cache/PHPStan/d6/35/d635a8a9b04742c9cc99ef456f3f4dd60e1b83e802370c76c10637f2e3f0aa24.php
No syntax errors detected in ./.tmp/phpstan/cache/PHPStan/d6/00/d6005e9565be77e2cbae6cd132881cd409387490d07f08d81d6a0e2c349e6559.php
No syntax errors detected in ./.tmp/phpstan/cache/PHPStan/5f/e1/5fe1fc3914e62391521aa7b62efdea5d9cf8eee57bb9e74164877e4af371d48e.php
No syntax errors detected in ./.tmp/phpstan/cache/PHPStan/5f/c2/5fc21bb8f9c4b5360fea1a9024c5ce2e4b3585113d50426ddfdf68f67eed8b5a.php
No syntax errors detected in ./.tmp/phpstan/cache/PHPStan/5f/6e/5f6e78ee9cba3acd2bbbcc2fbe0b779c353444c40a5da31f07f932b1a05da924.php
No syntax errors detected in ./.tmp/phpstan/cache/PHPStan/f5/3d/f53d86fd11543b0258c81d89a56b4e3fd0dea110883317aaad226202791c7590.php
No syntax errors detected in ./.tmp/phpstan/cache/PHPStan/f5/d2/f5d2192b33c9804bebab81ccc74f6400f0ac0e744060643016fffb3cdcb29c95.php
No syntax errors detected in ./.tmp/phpstan/cache/PHPStan/c9/0a/c90a8732a727ddefe6137b48e61b50b41a4ee432316297b978c4a7861f253d71.php
No syntax errors detected in ./.tmp/phpstan/cache/PHPStan/5b/d7/5bd711ff79ec7f967bd72754319a6dadd90ac409d769400af0a0e207ec051ce3.php
No syntax errors detected in ./.tmp/phpstan/cache/PHPStan/47/55/47558270e489e4fadeef4e3e0b946942b2fae8e88092b208f0b39ec3e02849f4.php
No syntax errors detected in ./.tmp/phpstan/cache/PHPStan/47/1a/471a3084531cfed86544d56602ac083deb18f788239ec62cced9a02f269ab8c7.php
No syntax errors detected in ./.tmp/phpstan/cache/PHPStan/f7/0a/f70a190c6c836fa99876e417b105bcca73644b67b1118ca8697c5d5b41e2919a.php
No syntax errors detected in ./.tmp/phpstan/cache/PHPStan/f7/3e/f73e3e093e68827e8eae8271216b69134f7e7f528c8fc46bfca8a8e7987bb8b1.php
No syntax errors detected in ./.tmp/phpstan/cache/PHPStan/f7/f5/f7f58f58febe3f8888106eadc1af2117511d90bb89e394ae41c0ae889af01c00.php
No syntax errors detected in ./.tmp/phpstan/cache/PHPStan/f7/51/f7516cd579772e2006701ad22c98dca6a576c9945ced485320ba526915c8a403.php
No syntax errors detected in ./.tmp/phpstan/cache/PHPStan/f7/66/f766a8df2199fbaf80fd491225fba830743a6822dc41cd5aa7ac0e463463acc1.php
No syntax errors detected in ./.tmp/phpstan/cache/PHPStan/f7/ff/f7ffd562bbc321b1040cca70b0c45b4e9c898acaa91ccde1c7e988668e3c7fb4.php
No syntax errors detected in ./.tmp/phpstan/cache/PHPStan/f7/e5/f7e5d97ae44e0993dbf52dc21b672f1dd0c583a81feea75ad29c304188c5b972.php
No syntax errors detected in ./.tmp/phpstan/cache/PHPStan/b4/1c/b41c0862b4539f503cd0f089b241e9f516e2bc8f42899b6d091ba9d82a982d25.php
No syntax errors detected in ./.tmp/phpstan/cache/PHPStan/b4/46/b446976447aed843f882e6b39b4ac383211211534e3bd5a26233ce75b25163c8.php
No syntax errors detected in ./.tmp/phpstan/cache/PHPStan/b4/81/b481f7aa70b7359f5bc041c3d1f403f5e597bb4293b0a79fac8aa84eb0408ee9.php
No syntax errors detected in ./.tmp/phpstan/cache/PHPStan/b4/d8/b4d8566921079faa6dfd78fc9500f66f3999838525065ab598603da643010ca3.php
No syntax errors detected in ./.tmp/phpstan/cache/PHPStan/b4/57/b45767f39210bc8db822bde4ce2cd3c755021e47cd85132e227394a0c45a764b.php
No syntax errors detected in ./.tmp/phpstan/cache/PHPStan/b4/43/b443888783a72cd6e2335a7c1765dcc9f2f0fc4c039e6117487a682d11de2d43.php
No syntax errors detected in ./.tmp/phpstan/cache/PHPStan/b4/31/b43104fa8853c5c49bc977945755a16a96440af1c92d92e085a77917283edddd.php
No syntax errors detected in ./.tmp/phpstan/cache/PHPStan/5a/1c/5a1c416c7edc3b033aa050066905092cdc6a967a7b841ad02cf565a5a9b12580.php
No syntax errors detected in ./.tmp/phpstan/cache/PHPStan/5a/f5/5af511544eeb99a98c4ce5753573129e937b1dcb2aa734545e6c2964a3c8c49b.php
No syntax errors detected in ./.tmp/phpstan/cache/PHPStan/b0/ff/b0ffae33e3d980e42c372dfdad07e066b22748050a52163b2a731d3e36883c3b.php
No syntax errors detected in ./.tmp/phpstan/cache/PHPStan/b0/dd/b0ddc22f88d0c4b8e58106191222543fe95c7be6278b3e1275cb30c8da951223.php
No syntax errors detected in ./.tmp/phpstan/cache/PHPStan/8c/a3/8ca3a180d6ef150924f0c63c7fe96854dedf52b847f1fdd2fe84a99a23b82719.php
No syntax errors detected in ./.tmp/phpstan/cache/PHPStan/8c/29/8c29f59797d17cad1c20f753f4388ef707c0c93f57baa6589cb0acde6694cd32.php
No syntax errors detected in ./.tmp/phpstan/cache/PHPStan/8c/6a/8c6a40ae842b5a9e85ba3f5ff33817cb0066e6e224e579c81598a8687d59fe48.php
No syntax errors detected in ./.tmp/phpstan/cache/PHPStan/8c/a0/8ca06f78a54a4ef994dfe5d0e0c8b4b03d12e2aa3ada6e2726399d713a8e29ae.php
No syntax errors detected in ./.tmp/phpstan/cache/PHPStan/51/e3/51e3d6aadbdbf75b5a3a9d63a5bbdb520c83bb31e7b4091edabe6b5010533a31.php
No syntax errors detected in ./.tmp/phpstan/cache/PHPStan/51/7c/517c371cea67e1b7893320afae98e22e16499620cb75ec218d460d49bad0c8a2.php
No syntax errors detected in ./.tmp/phpstan/cache/PHPStan/51/3c/513c6b1e621ce33baf489d3a4466e58c34eb27f47200794ad6d6595f131e1dbd.php
No syntax errors detected in ./.tmp/phpstan/cache/PHPStan/51/9e/519e77f64f5adf05cf104ec44136ac49a939351c32cf15bb90b64f9081106cad.php
No syntax errors detected in ./.tmp/phpstan/cache/PHPStan/51/9e/519ef0bc1fb5d9d9db2744dee67e7ffb8d0c89a4a3035d2edbe89fc3cf463ace.php
No syntax errors detected in ./.tmp/phpstan/cache/PHPStan/51/38/51382de8d234e016f69010d4e422ad1d72704eac9a43ff93d534ae34968a9ce9.php
No syntax errors detected in ./.tmp/phpstan/cache/PHPStan/a8/4d/a84dd15046a85447753a66c8e3d224a92449a5da2ca8d7dfcda394286774ce3f.php
No syntax errors detected in ./.tmp/phpstan/cache/PHPStan/a8/a0/a8a0bbe50b9b9fe52f2d83b510ebf1772b403bf9d702a327264bebe962fce403.php
No syntax errors detected in ./.tmp/phpstan/cache/PHPStan/bd/e8/bde8a336d69f3ecfd3a092620f559fbe32d046706d2028f59f4924d4e2ddd3d9.php
No syntax errors detected in ./.tmp/phpstan/cache/PHPStan/bd/1b/bd1b52cf73735c5d9fdd5676c31a52bfa2aac3b387b37b49a74e744ea121ef29.php
No syntax errors detected in ./.tmp/phpstan/cache/PHPStan/bd/62/bd6213f2e596c7d3d8928df880881cf4d8f39962783cce51e773b2a1858838b2.php
No syntax errors detected in ./.tmp/phpstan/cache/PHPStan/bd/62/bd622a4b424154859cb240813981b9b04e8bb3f2f3ed84608d7dab9733d6f76c.php
No syntax errors detected in ./.tmp/phpstan/cache/PHPStan/66/b8/66b813f3905990ec9e49185afa35ac966cfce2597d5cbbc4800069ba64a818ef.php
No syntax errors detected in ./.tmp/phpstan/cache/PHPStan/66/c4/66c4ce545eb44cba4068a3f60cda67b0c3de3a39be343bacb0be94e71164a039.php
No syntax errors detected in ./.tmp/phpstan/cache/PHPStan/66/c8/66c87db9cbaf4dddd2e3ba6765bd0363d077fe264b912a4b10c2071e78631434.php
No syntax errors detected in ./.tmp/phpstan/cache/PHPStan/66/17/66178199ce728a1a05e938e7686d1996ebb9d2ccd7b5eb83505edb0d41198630.php
No syntax errors detected in ./.tmp/phpstan/cache/PHPStan/6b/53/6b5347ff03f6cf06674b84ffda35fa716af60704925f832083c667f0bb781ad4.php
No syntax errors detected in ./.tmp/phpstan/cache/PHPStan/6b/6b/6b6b41bd89eb2e9b6920b168e62528888d5918578218da284c4989f6f9d16b00.php
No syntax errors detected in ./.tmp/phpstan/cache/PHPStan/6b/6b/6b6b0a98846b4062bb0dbcb3390dbf131d1403acfb0854d41ea4a0fb5f17adaf.php
No syntax errors detected in ./.tmp/phpstan/cache/PHPStan/6b/3a/6b3af2ca5d7ad12a66aa02b92349743e0eaef358a22843f6669fb08331620425.php
No syntax errors detected in ./.tmp/phpstan/cache/PHPStan/46/6a/466a0b5d251091cfd7f464cf253d2aef6bbed7671f53bebc46d8ac165187a3df.php
No syntax errors detected in ./.tmp/phpstan/cache/PHPStan/46/bc/46bc6a4143e7e9a3bc5cc9bf58b3188b80b5eaadf643366975ae5b0d26c99c66.php
No syntax errors detected in ./.tmp/phpstan/cache/PHPStan/46/94/4694cd7d3ac0d11c9bd98b7bdf636ef9ee494ea9bbe7c4109baed2052dc56af8.php
No syntax errors detected in ./.tmp/phpstan/cache/PHPStan/48/5b/485b3281ee811fb4d40d8e7ce0971119d5a08d7cf372f4a7c79f1c5431586158.php
No syntax errors detected in ./.tmp/phpstan/cache/PHPStan/48/3f/483f768888c3c97d1d11e9a6f341b0e9f051a2046e7ea61cad207473c3ef7485.php
No syntax errors detected in ./.tmp/phpstan/cache/PHPStan/48/50/4850c1a06bfdb1a8b1573e87f53811b2b869dcf259bfdaf645bf3f4ea6c179cc.php
No syntax errors detected in ./.tmp/phpstan/cache/PHPStan/48/ea/48ea22c40070402c9b2d72fb1ece21784037c2b8c053e1575fed304f1a09d428.php
No syntax errors detected in ./.tmp/phpstan/cache/PHPStan/48/e8/48e8c62255daa2c6c904e1177b5779c193889f84d47c72fe6ff7b4810e6b40f9.php
No syntax errors detected in ./.tmp/phpstan/cache/PHPStan/48/65/48657bb10a7677e52a7019e91a207ce6e89a001f617a7d3bd599eb18d361b61a.php
No syntax errors detected in ./.tmp/phpstan/cache/PHPStan/fb/a7/fba73b65994685da267b98d4879729569f6fbc77716dec137945fc50f9fd6861.php
No syntax errors detected in ./.tmp/phpstan/cache/PHPStan/55/96/5596db85c4c31c1ae4093a746172934dfd099d9ae29353928b045dd20e2ba229.php
No syntax errors detected in ./.tmp/phpstan/cache/PHPStan/55/71/55716a5398da52188ba130969210f69b364a640446cde65c05b1476e31553f91.php
No syntax errors detected in ./.tmp/phpstan/cache/PHPStan/7f/20/7f20bc7e997f9cc294c4d4286b1308e34b159e8dba69796b20eef47e50b6c57d.php
No syntax errors detected in ./.tmp/phpstan/cache/PHPStan/7f/55/7f553482183c7ff010185287230bbd663f5217aa4395fc291f507aa12895d5d1.php
No syntax errors detected in ./.tmp/phpstan/cache/PHPStan/7f/64/7f64d315b672feaf5faf7f15856d57c27bdc925e62bcdd0ad35b3f9748fbd766.php
No syntax errors detected in ./.tmp/phpstan/cache/PHPStan/7f/2d/7f2d32aae22d84b907386c81d5b3235274c133463c017ad3992de1c01422b8f3.php
No syntax errors detected in ./.tmp/phpstan/cache/PHPStan/7f/3f/7f3fc18d173b6012594a9d1ce93eca694de444d1a5c36bdbce1ebea2c37ad7a2.php
No syntax errors detected in ./.tmp/phpstan/cache/PHPStan/7f/b7/7fb76c5e946ea6d1cb76e411a4f6a14cddfb0aca523bb31397b792b93c1933a0.php
No syntax errors detected in ./.tmp/phpstan/cache/PHPStan/86/8e/868e0e4440a8fd21046cfcc9dacff1a1fc9bdd120aa36d5b3dd4daf774a546a3.php
No syntax errors detected in ./.tmp/phpstan/cache/PHPStan/86/55/8655b2304e81cdd029a4be30deed98a0eeb109c8773fe18180a0f724b0cf5159.php
No syntax errors detected in ./.tmp/phpstan/cache/PHPStan/86/da/86dafd7798e2ea9a9f34836a5a1717a5fa3f2a496201fbbcefc7e1e0811d1ef7.php
No syntax errors detected in ./.tmp/phpstan/cache/PHPStan/86/ca/86ca29454e60f0ff926f8664d55d82713beceb3caae2786469bf3db1d8c00da1.php
No syntax errors detected in ./.tmp/phpstan/cache/PHPStan/35/cf/35cf6ca1185586fe8572699ec3228c3f6f40b7dbd02316523968b713143b1ace.php
No syntax errors detected in ./.tmp/phpstan/cache/PHPStan/35/50/3550ef75f3740b5020a00a4a36b3ed798eff88bc89c2dbb553c8e71f900a2f65.php
No syntax errors detected in ./.tmp/phpstan/cache/PHPStan/8d/48/8d481611d0598cbea4941cd00cac4e146cf2872bbaff9eb0c87013e829cece0c.php
No syntax errors detected in ./.tmp/phpstan/cache/PHPStan/8d/26/8d26f17d194d992979e34d1c2c11303caacee564dcee8153ab92dd4787181cb0.php
No syntax errors detected in ./.tmp/phpstan/cache/PHPStan/8d/d4/8dd457ab9d2659cc93af6880481954945b5433c6de430c40b2a09a4cb943d7a5.php
No syntax errors detected in ./.tmp/phpstan/cache/PHPStan/df/49/df49d7f8547d67333ae9fe89fda27f0ff3897e264eef68d5af1002abdb084e0e.php
No syntax errors detected in ./.tmp/phpstan/cache/PHPStan/df/66/df66d054c6f96a6326b9bf7d26063a8385aa6763e2b03f85f01cb3f7df9c8068.php
No syntax errors detected in ./.tmp/phpstan/cache/PHPStan/df/85/df85ff1a655601bd53241a2769a789e77a6fa9aaa94c53de3f5ecd231ffefa2c.php
No syntax errors detected in ./.tmp/phpstan/cache/PHPStan/df/08/df08d93532ad158a2a0a94c9040022b1acf1b37b6c64c79015951166d9507ecf.php
No syntax errors detected in ./.tmp/phpstan/cache/PHPStan/df/08/df08b2646286079c09a8eceaf586677c2cde87d5f2bf148ea79ca81c1dfcdd03.php
No syntax errors detected in ./.tmp/phpstan/cache/PHPStan/8b/44/8b44e01a65f8380fcb03e6250b4eeecaf8e9f71dee25315f0f0975256cdf4bc8.php
No syntax errors detected in ./.tmp/phpstan/cache/PHPStan/8b/e4/8be4f6318f29bf82d99e5bfcf9f7ff8d819e53e8c2518883da0d2017f5ad1b1c.php
No syntax errors detected in ./.tmp/phpstan/cache/PHPStan/8b/ae/8bae737c35ed59095054ffcaaf12fa20f43b42966f93ad57066b379a7d6d08bf.php
No syntax errors detected in ./.tmp/phpstan/cache/PHPStan/45/43/4543b128542ab8116f6389d20398d0351b83b837fe47585b4dc25e619729c36b.php
No syntax errors detected in ./.tmp/phpstan/cache/PHPStan/07/1d/071d0411a4e7a8d3d25b35295c7223ac3602bb3967b3409c5ad51f7306332f25.php
No syntax errors detected in ./.tmp/phpstan/cache/PHPStan/07/59/075905640b4da7f67a590d8d652fe18392c4bbc6d3f1d3189dc8abd73cb5bce5.php
No syntax errors detected in ./.tmp/phpstan/cache/PHPStan/88/8d/888de61a8711f5b4d83cc6ccffd6b0066ed5ce2e50b434ef1c7a8e8558ab8fa9.php
No syntax errors detected in ./.tmp/phpstan/cache/PHPStan/88/df/88df5ad91bd7d6d99f70a9ff5368f145323ee17804f993aeaedbfa7a1bebe930.php
No syntax errors detected in ./.tmp/phpstan/cache/PHPStan/88/03/8803b79b89eeb0e6daf8e54587e8453988d45eacad2f9807d5ea9ffbfa9c7521.php
No syntax errors detected in ./.tmp/phpstan/cache/PHPStan/15/a3/15a36cd5f6dd3148faaf70d1ecbc6a435932ae8b2a68e69f00909614032a4532.php
No syntax errors detected in ./.tmp/phpstan/cache/PHPStan/15/d5/15d5415465fd861c60bc137c5e00231b56b52bb4f42d09137361d956934280f3.php
No syntax errors detected in ./.tmp/phpstan/cache/PHPStan/15/17/1517af70563f2ac6aac7679530b34e36543e8eb025f9dfa2eef90f3c8345cfcc.php
No syntax errors detected in ./.tmp/phpstan/cache/PHPStan/15/ca/15ca1af1eb7596b8843a2da0a63bc85d9799f2fbd02a7dc315de722958480237.php
No syntax errors detected in ./.tmp/phpstan/cache/PHPStan/25/b4/25b4de45e94d3e06a48bf685f4938df11bd16af2bd0ec723e38dce16efe5edc5.php
No syntax errors detected in ./.tmp/phpstan/cache/PHPStan/25/29/252929fd523dbaf4ffe63ec2e8a5738b95cf564f89528ab5a2f28330d01f5c2f.php
No syntax errors detected in ./.tmp/phpstan/cache/PHPStan/25/f2/25f203722c013bcb482b23b76147b2e213fcbf22eb2dc569390b312510149ffb.php
No syntax errors detected in ./.tmp/phpstan/cache/PHPStan/25/2d/252d5aa93ad85a4797547fbece6927529ccc6b80e2bed7abceac482787c0ae56.php
No syntax errors detected in ./.tmp/phpstan/cache/PHPStan/25/e2/25e298295cb7aa49b4fbb0cbfd841445c36e29035486992dbecac274e48368df.php
No syntax errors detected in ./.tmp/phpstan/cache/PHPStan/25/ec/25ec5e5edb8d627b48e691b515752972faa1f1b1a58103568a471dbc5056d02e.php
No syntax errors detected in ./.tmp/phpstan/cache/PHPStan/25/0d/250d899adc3e694ebd20d17034ac7007552857f0718859015125c49a9c00cf79.php
No syntax errors detected in ./.tmp/phpstan/cache/PHPStan/25/dd/25dd452c3c26ca412981aeab41dde256fbe6b2f4c4c18ed392a0060911de141c.php
No syntax errors detected in ./.tmp/phpstan/cache/PHPStan/25/c2/25c29b02ae3a8245b37910ee2c98d43509eda3a65a644621c30f5f4d46c8e4b8.php
No syntax errors detected in ./.tmp/phpstan/cache/PHPStan/98/37/98372a34b54a02e0646c9e9d57bd40cb06bc2f24fb5079946b43f5cea0a0d8d9.php
No syntax errors detected in ./.tmp/phpstan/cache/PHPStan/98/34/9834b54e5923de4e15071570a8c2af3948674719ddfb41c161423e93aadba23e.php
No syntax errors detected in ./.tmp/phpstan/cache/PHPStan/1e/bc/1ebcac94184b5ed8658aa291d6d1476cf9adf3f0ddf3c9f3f6ed258789b24b27.php
No syntax errors detected in ./.tmp/phpstan/cache/PHPStan/1e/33/1e3334b3aa0dec1aab696c837302c91c9d337fe14744e6e2fd7af345f6313841.php
No syntax errors detected in ./.tmp/phpstan/cache/PHPStan/1e/7e/1e7ea72b04dbe818fd22a87f2dc256f042e0d4719496ed0dc962b92be92bf6bd.php
No syntax errors detected in ./.tmp/phpstan/cache/PHPStan/1e/80/1e8016c654e62909c9b455c97e3a00401192b38e281964732440fd68f1a90cae.php
No syntax errors detected in ./.tmp/phpstan/cache/PHPStan/1e/23/1e230ad8ad973607b312f4d988906524602493d7c2cfe5fd57637dc544c3bd7d.php
No syntax errors detected in ./.tmp/phpstan/cache/PHPStan/1e/c0/1ec08fa8caa50588d796e955ba9aab6ea373ff7fd7e3987582f53ec3a2069fd9.php
No syntax errors detected in ./.tmp/phpstan/cache/PHPStan/b8/1c/b81c1e00ebeee12e5413adf57b931e38cf921fea51cd68055224a2c906ae29ad.php
No syntax errors detected in ./.tmp/phpstan/cache/PHPStan/b8/4c/b84cecfe30661da981cc3719ebd15ea66b9566cdd22d2c5c95f060549e4ffa01.php
No syntax errors detected in ./.tmp/phpstan/cache/PHPStan/b8/7f/b87f1c6f5c4bc59ab970857734d23977db7c89eec608ac2b0393647c3c4efe7f.php
No syntax errors detected in ./.tmp/phpstan/cache/PHPStan/29/29/29291cd7b119f4039063dfc79340cfb86d8ce80801c0091864dda1b8a4e5aeb3.php
No syntax errors detected in ./.tmp/phpstan/cache/PHPStan/29/a0/29a08324e830541da05c7447daddab687798e5fd687bb279a50af86a2c0c90e8.php
No syntax errors detected in ./.tmp/phpstan/cache/PHPStan/79/8c/798cc6bff8597747144cf1e667183340f4c4a323bd9ca5a591cbd43e7ca9329e.php
No syntax errors detected in ./.tmp/phpstan/cache/PHPStan/79/51/79515d404106453e29c4ee9f229c267ebd170c561ac4895e8794783a0d14b5dd.php
No syntax errors detected in ./.tmp/phpstan/cache/PHPStan/79/36/79366a251ce8519e22d81031a7866a260521cf74958db89e8d73771556a3a179.php
No syntax errors detected in ./.tmp/phpstan/cache/PHPStan/79/03/790368821f8ff2cbcb0aaad23168aac2af6e098b3ca8f8f57c42b5c86ee8a215.php
No syntax errors detected in ./.tmp/phpstan/cache/PHPStan/79/09/7909813ab119624aebe56892ca7179d322b43327f9fc6110511487dac0715639.php
No syntax errors detected in ./.tmp/phpstan/cache/PHPStan/79/a0/79a07babccf8ce118b27633e57109f08a690b85d1b627d22955581c83e6d682d.php
No syntax errors detected in ./.tmp/phpstan/cache/PHPStan/81/ad/81ad8c1346542cc90b89f88431a99d317dad1fd403a91f45b6fe4e5214360b8f.php
No syntax errors detected in ./.tmp/phpstan/cache/PHPStan/81/ce/81ce7b273c74b422cf6e331469e80c73c54f936e1f30f15cc4a111fdd1d4a83c.php
No syntax errors detected in ./.tmp/phpstan/cache/PHPStan/81/9c/819c429a101f07d63e2d6c31e36080873203445b48a19d85e636249f60814895.php
No syntax errors detected in ./.tmp/phpstan/cache/PHPStan/bb/eb/bbeb189ed7f0d0b2d141bcc0adf5c022ad7bf5cc8c2c5a375c7e97ae13257f2c.php
No syntax errors detected in ./.tmp/phpstan/cache/PHPStan/bb/c1/bbc14953935f45dc598962346cab208fc969335231bf359664d738d83b56899f.php
No syntax errors detected in ./.tmp/phpstan/cache/PHPStan/bb/59/bb59f6c296ebfc975594eae40fb165a7aaa8cdf6a17a75221e86092f9f2ab8c7.php
No syntax errors detected in ./.tmp/phpstan/cache/PHPStan/64/9c/649cdbc843674bd37da9006ea8dd47dd949cf500198390e2a09037f0b0fceaab.php
No syntax errors detected in ./.tmp/phpstan/cache/PHPStan/64/d0/64d04f10ce2dbb493a1803f7cd634cf4036b08c26e398ac743f653710c992f1a.php
No syntax errors detected in ./.tmp/phpstan/cache/PHPStan/64/dc/64dc66714df65edc0f8977944a88bf4ed309d037fe528b5c6b101b2df301ce79.php
No syntax errors detected in ./.tmp/phpstan/cache/PHPStan/64/32/64325ba0003af547d9042b70ce75ec61a56caaeaafd76837b73a4503dc5a3d56.php
No syntax errors detected in ./.tmp/phpstan/cache/PHPStan/24/27/2427ae6961af6f004a5ba18a68ccfd8db1361acf092e83f309dc9722e937ef74.php
No syntax errors detected in ./.tmp/phpstan/cache/PHPStan/24/a5/24a5d4e32dd0db1a4336f6166ebe25118e77e8a02f3278cb2a38cd1f031ee8d2.php
No syntax errors detected in ./.tmp/phpstan/cache/PHPStan/6a/55/6a553a8e3ac700841746f83cd0a9f7dc29612028f407db64e26bdefe23c58b48.php
No syntax errors detected in ./.tmp/phpstan/cache/PHPStan/6a/db/6adb901f0b680d9f7fa1667ba19b885497f564a9d4b0852c5794bfca5f477b1b.php
No syntax errors detected in ./.tmp/phpstan/cache/PHPStan/6a/1f/6a1f6ddfc49f502c6f7cec5d3ddd6d99063820b2dc03296f88b6fa99ec11ed4c.php
No syntax errors detected in ./.tmp/phpstan/cache/PHPStan/6a/59/6a59e5813482f808c62e780cc20181c828edb0c98893ce84a57657e529547947.php
No syntax errors detected in ./.tmp/phpstan/cache/PHPStan/3b/a2/3ba2833011598826e75e0ee6ebf266581e193ab5cebf25a7c0797b2ef1805208.php
No syntax errors detected in ./.tmp/phpstan/cache/PHPStan/3b/3e/3b3ef36bc8f71d7f9e46a44f855b3c6c92d2bf8a8383bc2585454b74613cb981.php
No syntax errors detected in ./.tmp/phpstan/cache/PHPStan/12/cf/12cfdfeccd3c4ebe0331f4ed9c3a663742fbac4b85ca575613615ea5ee28269d.php
No syntax errors detected in ./.tmp/phpstan/cache/PHPStan/12/70/1270f8067883ff43dac545bef319722d845395300bdd600d7c50a62007c205f0.php
No syntax errors detected in ./.tmp/phpstan/cache/PHPStan/12/e0/12e0cfb997778b4053b45a10b349e7dfaef0ae69883cc8b7e084997003f3c3ad.php
No syntax errors detected in ./.tmp/phpstan/cache/PHPStan/bc/79/bc79ef7dd030e12635b220f2e453b2b10c33002680372e8811d79d8752b1e3a8.php
No syntax errors detected in ./.tmp/phpstan/cache/PHPStan/bc/e8/bce8b02d214579fecb47f288e36f6b3a2289c48044e36e19ff73d85afea4e32d.php
No syntax errors detected in ./.tmp/phpstan/cache/PHPStan/f2/cc/f2ccdfca45979eb6aa31ac04af35b25558faa240e70349aaadc3a9bf54e1a3bf.php
No syntax errors detected in ./.tmp/phpstan/cache/PHPStan/f2/2b/f22b7315fa761d0ee0422608ad67df8ceef6e583e8b2559a8c3f326617cd2e01.php
No syntax errors detected in ./.tmp/phpstan/cache/PHPStan/f2/18/f21831c76cd89dcc8cd149adc4ca955522a80fe713314191ba6a561ff655981c.php
No syntax errors detected in ./.tmp/phpstan/cache/PHPStan/ed/7c/ed7c4af8e1f94900436403527003f887b020adfa710537fd245c7c9b395c85a7.php
No syntax errors detected in ./.tmp/phpstan/cache/PHPStan/ed/cd/edcdcbd02d0f155843e79dd3b2bd21af3ccdf0d5da1c779e2efd069c0a953689.php
No syntax errors detected in ./.tmp/phpstan/cache/PHPStan/39/5d/395d89d3632a663f7a208b727e00fe0e205ff187a7cd1d7629216e3b6ad7a8a9.php
No syntax errors detected in ./.tmp/phpstan/cache/PHPStan/39/fc/39fc5723ba3b5d9a696da496d0b3d60a30ac8530a8d49004963aa3c1eff9dffa.php
No syntax errors detected in ./.tmp/phpstan/cache/PHPStan/2a/5c/2a5c46f1f03aecbbb5c75b5edcb77772de7a2b0e2a7f0b46dc11b1908d5545cd.php
No syntax errors detected in ./.tmp/phpstan/cache/PHPStan/2a/1d/2a1da54dbb173f5c339ccd5aabbfa3ce3d434b20f7d35da9a4822d1d7f4288a9.php
No syntax errors detected in ./.tmp/phpstan/cache/PHPStan/2a/95/2a95d68c01cab46ca359a4994d0a42de796d93ad5dc55523e07dd52631927bf4.php
No syntax errors detected in ./.tmp/phpstan/cache/PHPStan/fe/1e/fe1ec480621dddd2d16f660ad962929411e7a6a3ae9838ea4cc6effb0bf7c4b1.php
No syntax errors detected in ./.tmp/phpstan/cache/PHPStan/fe/bb/febb200333f641cd76fa4e6765cc8297c0f87bd9ec5e3267e264a013c9ee4bcc.php
No syntax errors detected in ./.tmp/phpstan/cache/PHPStan/ce/df/cedf24b6622d71c7fd6fbd53b60fea7d516a38aa8b50a082f3f8c78746ea0df3.php
No syntax errors detected in ./.tmp/phpstan/cache/PHPStan/ce/92/ce9278267a75c817b2fe168253e9e1ad978d0d09a9f6d85d7cd7a6768725d109.php
No syntax errors detected in ./.tmp/phpstan/cache/PHPStan/14/f7/14f779017961c72e2ce6048c8cd3ee25e4f1d7d62fdca82465a588d7aeb2a853.php
No syntax errors detected in ./.tmp/phpstan/cache/PHPStan/cf/07/cf0763f62a2ac6b17c69cbc9f930c406df0514c5abd6556cb7d889ec6ac63f00.php
No syntax errors detected in ./.tmp/phpstan/cache/PHPStan/cf/36/cf36053f603c68b78c70a4b2743142d119cd6c9dc18479c50067ed308ad33d3c.php
No syntax errors detected in ./.tmp/phpstan/cache/PHPStan/cf/71/cf715673d6ad8eda0b2c8df599a944603c1eeaae091f8c41caed402854347341.php
No syntax errors detected in ./.tmp/phpstan/cache/PHPStan/cf/e2/cfe24a4025090191d656e7de17d5c96b2b22ac355cb7f8b3fca3e8b3bc77cae5.php
No syntax errors detected in ./.tmp/phpstan/cache/PHPStan/cf/f3/cff3378d0d52b75566fa9e5505495df7f28a9e73b6092d627f9513617e3451e6.php
No syntax errors detected in ./.tmp/phpstan/cache/PHPStan/cf/e7/cfe7883024c9d2375dc10ee0ed153729cf6a7d86b66bcbf8700c3fcd323bb79b.php
No syntax errors detected in ./.tmp/phpstan/cache/PHPStan/28/8a/288a328046f6119af43ae411ca675239ba585ade239a90ee022d38ad316e5068.php
No syntax errors detected in ./.tmp/phpstan/cache/PHPStan/28/09/2809cfca75670d0da125ac9e791ebc4875d3c1a1074174187199f905dfd8acd9.php
No syntax errors detected in ./.tmp/phpstan/cache/PHPStan/89/c9/89c99c2132b3c25d231cf0baa1938bd03109e8e2219378997f73d4fa80ae0ceb.php
No syntax errors detected in ./.tmp/phpstan/cache/PHPStan/89/81/8981aca4793736e929e74bbdf293c2988b783b1c8dc893f7d12445465de5178c.php
No syntax errors detected in ./.tmp/phpstan/cache/PHPStan/89/cd/89cd9ed4b8a1b89fae955f94ecf39b7bb558bb0ce49cebad38e833186041cca1.php
No syntax errors detected in ./.tmp/phpstan/cache/PHPStan/89/2d/892d15f1a0cd5fa6f04428b7731c334c34d94668a3f39423b8b021e01e8e61de.php
No syntax errors detected in ./.tmp/phpstan/cache/PHPStan/02/02/0202c2c4c440b3800a441dfd9a440167577de28f3ea695c9fe20f08bf5338887.php
No syntax errors detected in ./.tmp/phpstan/cache/PHPStan/02/eb/02ebce7fd19650049f8ba7c742a58102417cad3e88866a94b82736f1a3db78e6.php
No syntax errors detected in ./.tmp/phpstan/cache/PHPStan/37/0a/370a2b5151a64a95206c6c819106f7c2a164a472ebf9576837b3158908267458.php
No syntax errors detected in ./.tmp/phpstan/cache/PHPStan/37/4c/374cd4f9f5b658ec8883909127f26bb9dc51457e72c5ba7061e278b6a6338033.php
No syntax errors detected in ./.tmp/phpstan/cache/PHPStan/37/d8/37d8fee5fe0f555209da2dd5348e778099d60620015d254b7721a0fdc20f5d1c.php
No syntax errors detected in ./.tmp/phpstan/cache/PHPStan/56/06/560627e59a5844b72a489e6fcb702e9ef8c3c768d6ee62ab1d6c301f2bf15a4e.php
No syntax errors detected in ./.tmp/phpstan/cache/PHPStan/56/bb/56bbf2be3a5106f6cb7409dcad2d6ff00d9bb115347544c6be0c6446672dc958.php
No syntax errors detected in ./.tmp/phpstan/cache/PHPStan/56/bf/56bfc2fb2cab7e8acd4b4f40267452c2edc5ea1e2227c00f527eb8bef6ea98ce.php
No syntax errors detected in ./.tmp/phpstan/cache/PHPStan/a9/6d/a96dda20984636037b5dc0acb8110171a7463c7e2fbfec6802e643652970b573.php
No syntax errors detected in ./.tmp/phpstan/cache/PHPStan/a9/f5/a9f5797b17fa488ea375b90e4e7288d747c980bb6d55076ec08697ed672cc132.php
No syntax errors detected in ./.tmp/phpstan/cache/PHPStan/a9/1f/a91febe64e6998acb68068ae31215aaf3929ae1b6ebcaf4d1df58d4a91318131.php
No syntax errors detected in ./.tmp/phpstan/cache/PHPStan/a9/d4/a9d4f2dd9bc68fb892eea432ed36a94b6bca98b57ecd87a0bdb04046b3e30a1f.php
No syntax errors detected in ./.tmp/phpstan/cache/PHPStan/a9/68/a9687fb1277cd223ac2584902d4366c15c7002ca74a0469c2f1f735c844d660b.php
No syntax errors detected in ./.tmp/phpstan/cache/PHPStan/a9/59/a959d0ca4940af8ed7d22189650cf503155e4e203dfb3eda372e639e7becaf2b.php
No syntax errors detected in ./.tmp/phpstan/cache/PHPStan/a9/2f/a92f7e69b81e5724b4f044b86942993a731b2c365e162f2c2c3dbecc9d58b922.php
No syntax errors detected in ./.tmp/phpstan/cache/PHPStan/9c/74/9c7468d63b9b17ba807e7fa010ce3e5d6647d56a89a6feea40272140998463bf.php
No syntax errors detected in ./.tmp/phpstan/cache/PHPStan/3c/20/3c20aea1e47966b2a97cd51f8223bce430c5f3ca2f5ea87386c1ed99ac9095d2.php
No syntax errors detected in ./.tmp/phpstan/cache/PHPStan/3c/37/3c37f41d505661ab8e25f65af5808bd58285922983a2539cd036b2683e01b547.php
No syntax errors detected in ./.tmp/phpstan/cache/PHPStan/3c/a4/3ca4efe5375b51014fce071383cc0861cd7db046a8848bfebe1b00b7588253eb.php
No syntax errors detected in ./.tmp/phpstan/cache/PHPStan/3c/af/3caf633734544a7bb40f39089ddc33f302a196f45ea25123fee9669d61238a43.php
No syntax errors detected in ./.tmp/phpstan/cache/PHPStan/3c/6f/3c6fc317e296e185d9b41e3e59ec122d040de2cf7e406682d0d3e9a89af89630.php
No syntax errors detected in ./.tmp/phpstan/cache/PHPStan/5c/81/5c816a57c2edac596ec4314fecf00d66a77f53fff8df3759557dd024bc57d409.php
No syntax errors detected in ./.tmp/phpstan/cache/PHPStan/5c/da/5cdae22d775beba25e5cda1312ae184ae120a01eb190fed12ac06a6e0ba452ed.php
No syntax errors detected in ./.tmp/phpstan/cache/PHPStan/db/b4/dbb4c4d6898459381e6292e4431bf214f0bb134975a99f96b2f0baf6fb453b84.php
No syntax errors detected in ./.tmp/phpstan/cache/PHPStan/db/cd/dbcd9c51857f2120d492eede86a4a2a84995d266df05891305673ba2c5e625c1.php
No syntax errors detected in ./.tmp/phpstan/cache/PHPStan/db/11/db1104ba751102d06949944147b361411c1f58380a862de84618ada309ba71e5.php
No syntax errors detected in ./.tmp/phpstan/cache/PHPStan/db/80/db8037d259bfb70e55f0755d8ba6d6f706ec5e0cea6d3c58c9af802095c348ce.php
No syntax errors detected in ./.tmp/phpstan/cache/PHPStan/9b/9b/9b9b80a9bebed32ebcb8e015fc918d97c1b6b38869830260c007d584a4c4efa8.php
No syntax errors detected in ./.tmp/phpstan/cache/PHPStan/9b/1f/9b1f8b7095b888ad8b5a104b918e0897d7c9d54551f9db565412cdbe6292b8ae.php
No syntax errors detected in ./.tmp/phpstan/cache/PHPStan/9b/03/9b03f6ba75244ad1274b71f7002ece7f7a1db84a4747245f52cd2f1517ca642d.php
No syntax errors detected in ./.tmp/phpstan/cache/PHPStan/9b/13/9b1338fe490ebd0a8172507f66a77063d5d49b1d64cbb03cd3816636fe9e6f9c.php
No syntax errors detected in ./.tmp/phpstan/cache/PHPStan/9b/19/9b19b6d7ad5fb5f2f40842a0a63e6e9b72fe607bb08f8137abb3de80a6ea6f97.php
No syntax errors detected in ./.tmp/phpstan/cache/PHPStan/9b/d3/9bd343a2a53ccf92521586ba8218672f3674e57386b99deecfb248c75d57ea50.php
No syntax errors detected in ./.tmp/phpstan/cache/PHPStan/9b/54/9b543b0079ffbbf5f07082823bf14b55dc75f11c6a0ca6d5b1a9eeba0c4644db.php
No syntax errors detected in ./.tmp/phpstan/cache/PHPStan/f8/e4/f8e4f65fcea668c5e5ec951f7b9dee112b08914447478f7b6ebaba27d5c416ea.php
No syntax errors detected in ./.tmp/phpstan/cache/PHPStan/f8/f6/f8f699d08f6820813d2abbd85078e02c5922b742191487d24fe440ef9b94d351.php
No syntax errors detected in ./.tmp/phpstan/cache/PHPStan/f8/1a/f81ab11bf7863408f04d73b24a7326321ca05a9919509a1bad8d1c899fa316e6.php
No syntax errors detected in ./.tmp/phpstan/cache/PHPStan/f8/dd/f8ddf63c52d735010fe7f1d13ab6d20d79785998fa40e1a1d2f7b7e8107edfa9.php
No syntax errors detected in ./.tmp/phpstan/cache/PHPStan/f8/c1/f8c115952a2549157d649f2709b572fa1ae6ce6ddc05e383434338ac55084222.php
No syntax errors detected in ./.tmp/phpstan/cache/PHPStan/61/6c/616c55d7279b39cee40ea3a2231687336366d41fa520fd0231499466f2fda6ae.php
No syntax errors detected in ./.tmp/phpstan/cache/PHPStan/8f/a2/8fa21ffd23ba0e133ed9fb13faa21c30f73327fb23f67513ff7a0053f0d9277c.php
No syntax errors detected in ./.tmp/phpstan/cache/PHPStan/8f/6f/8f6f44e3c63d927531de67a425733641f3d53c08e6c0f7322b9aa5a38946f7a4.php
No syntax errors detected in ./.tmp/phpstan/cache/PHPStan/8f/32/8f323a9cf94bf4a206e896277976e2926752b518b882f2fab60f3910a9354f21.php
No syntax errors detected in ./.tmp/phpstan/cache/PHPStan/8f/6e/8f6ecbbb0d9e3c6ad6c1aadcd408278c0c335b13e3eedac4a0820116f11041c3.php
No syntax errors detected in ./.tmp/phpstan/cache/PHPStan/ff/8e/ff8ebd7677f17898358eaee71878e8524c5f0661f214f2dc2509921713f41677.php
No syntax errors detected in ./.tmp/phpstan/cache/PHPStan/ff/d7/ffd7f5035c52ce76bfd71fb7563ac540e6081c951f7ab301017c424b632aaf0d.php
No syntax errors detected in ./.tmp/phpstan/cache/PHPStan/ff/14/ff14d70a835721984a9c93bc5ff62bd1e8f9d9c12e632d4417e366cf0127989b.php
No syntax errors detected in ./.tmp/phpstan/cache/PHPStan/ff/05/ff053718b78b7429a88b7258397897eeee72f5a5df3a442b1641f9538d34d2ed.php
No syntax errors detected in ./.tmp/phpstan/cache/PHPStan/ff/70/ff705756673975019ad723eb4cf034caa0fce7b8d841a027fd2097e25fedd66d.php
No syntax errors detected in ./.tmp/phpstan/cache/PHPStan/ff/5d/ff5db9ba3d368db6636bc2aaa958b500d516f021e44d869e6e663ba86a3e5df9.php
No syntax errors detected in ./.tmp/phpstan/cache/PHPStan/42/e3/42e3af33f449a28486209a73db2d8db10f8b937b898b53b1c2d9dda104728df1.php
No syntax errors detected in ./.tmp/phpstan/cache/PHPStan/42/39/4239cc2202cd58fd3419ba68462e2e2a8d77657dcece5b29a9acee1f621e24f4.php
No syntax errors detected in ./.tmp/phpstan/cache/PHPStan/d0/5a/d05aef6d5041d0880e1b0c0ab52fffb5836cc439e0c6afcd3fd2477f4bd7f3ab.php
No syntax errors detected in ./.tmp/phpstan/cache/PHPStan/d0/86/d086fa5355ee9dc3cbc8a049a38a88297824bfce39a80dd358e38f51415cb79c.php
No syntax errors detected in ./.tmp/phpstan/cache/PHPStan/d0/9c/d09ce73a9c1c5dc63ce9d3f79602b4953b84f498133d7176f7b9d589ff7b89e4.php
No syntax errors detected in ./.tmp/phpstan/cache/PHPStan/d0/ac/d0acc53f7c9a75af3d0c5573354fc7f5e3bd6f154df35a309d82f170c1fa2acc.php
No syntax errors detected in ./.tmp/phpstan/cache/PHPStan/d0/23/d023d30c9d8dec0ef95321b5c7b8578963ae9837320444a453d2ac0a25d555fe.php
No syntax errors detected in ./.tmp/phpstan/cache/PHPStan/d0/d4/d0d4d764c8858e1294d688ae2f9e702a5932f0106cee533b2c10f936d839fa15.php
No syntax errors detected in ./.tmp/phpstan/cache/PHPStan/da/6d/da6d4d46e2977645971a76ffb749547c96d44298f34fd5853125c58e7b1317b6.php
No syntax errors detected in ./.tmp/phpstan/cache/PHPStan/da/d2/dad2a7894cb1cdf8d5c2d788ab53399b168f798e3436be008acf1a768277a8b8.php
No syntax errors detected in ./.tmp/phpstan/cache/PHPStan/da/d4/dad40e591471019a18654a56a8c41d7bd532d42d1fe4a5300d9fc683cc2883f5.php
No syntax errors detected in ./.tmp/phpstan/cache/PHPStan/33/28/332829c869978021beb673f3d210c5cee0fa4b1a8cbf596664e0ec9ba7033791.php
No syntax errors detected in ./.tmp/phpstan/cache/PHPStan/33/b3/33b300534eaa76556c0694a9fceec4a93e79b427a7181218822fa24e27629685.php
No syntax errors detected in ./.tmp/phpstan/cache/PHPStan/fd/5b/fd5bb9063a14fb83a7be5db18fcbcbc47c1493ba2bd955c47cf9ab1691b70830.php
No syntax errors detected in ./.tmp/phpstan/cache/PHPStan/fd/51/fd5128108ccc8aaa02b2a44a66b686552000c7d5c5e686a3f7fe1d1a3254095e.php
No syntax errors detected in ./.tmp/phpstan/cache/PHPStan/fd/7e/fd7ec3d9490aaa1d870d7875ce13129586b1b54b6a81cd3df8b6eebd44e0ff4a.php
No syntax errors detected in ./.tmp/phpstan/cache/PHPStan/fd/31/fd3159f24ad7b95de64b2cd5fa7fc7a33f3a7f84770941fd1539b271f83cc29c.php
No syntax errors detected in ./.tmp/phpstan/cache/PHPStan/fd/18/fd18add9b65913c4a0b9355fca0a1cc07ce57444c4cb8b63d9800a0d07e60fc9.php
No syntax errors detected in ./.tmp/phpstan/cache/PHPStan/0b/48/0b4874f596278ad6b285691bb2a19564e06770844e3546a234b69e2f0a23ebb1.php
No syntax errors detected in ./.tmp/phpstan/cache/PHPStan/0b/2a/0b2ab063fdfee15182e0ad196f024d45ffeeb64675e8951834abb04f3c4eb731.php
No syntax errors detected in ./.tmp/phpstan/cache/PHPStan/0b/89/0b89ff97287530aa8d642741a1d273c81e00b66dccbc197f811b6668492e1206.php
No syntax errors detected in ./.tmp/phpstan/cache/PHPStan/0b/84/0b84d1cd1390e13703bfe57b80d7001890a08cb1ad675e2c0e591df2005020c9.php
No syntax errors detected in ./.tmp/phpstan/cache/PHPStan/40/3f/403ff7407becc7e29337dfa65c07a6cdd0a1cf337115f9dc3826420c34734762.php
No syntax errors detected in ./.tmp/phpstan/cache/PHPStan/58/49/5849b81d9fd1227c8c8e69a290dd63bec41e3e24eb1259dd4affce89a036e456.php
No syntax errors detected in ./.tmp/phpstan/cache/PHPStan/58/25/5825e86ce64bef307407c21389660a31e0cddbe51c56c9db38a29dd97424fa13.php
No syntax errors detected in ./.tmp/phpstan/cache/PHPStan/58/98/5898534e5ffa06c3c1fda32431ace646906b01c75ecd7c3fd7c2412b18b84be6.php
No syntax errors detected in ./.tmp/phpstan/cache/PHPStan/58/14/5814a9b103bb50fe617483aa12665e03dc9c64908817d330bbcd026b61599305.php
No syntax errors detected in ./.tmp/phpstan/cache/PHPStan/58/5c/585c6b6e0fcae5d619d801a984845ec4d90686d9d04ac3d95f8aada42e9d96d9.php
No syntax errors detected in ./.tmp/phpstan/cache/PHPStan/58/7a/587a4576d32e84bd58b5cd1c3e19ebfa786c5acd6b6828bddc1865cb535c8c76.php
No syntax errors detected in ./.tmp/phpstan/cache/PHPStan/58/b2/58b2daaea5977c8a4f5a4bd780661a6ebea597e93782cb0101f31f6f3236673b.php
No syntax errors detected in ./.tmp/phpstan/cache/PHPStan/2e/ad/2ead206c328480ad7a95d91fe4d19494305e2c039484eebff68406ecf6b8c6d8.php
No syntax errors detected in ./.tmp/phpstan/cache/PHPStan/2e/4e/2e4e090a51eeb15ac27064cc8bb919bbd34cd918bb677b8d36625643882d917d.php
No syntax errors detected in ./.tmp/phpstan/cache/PHPStan/2e/59/2e59a66583dbef9b806df8b391ba8b1d71c7a5d1d8065441d18fbe6723b1c238.php
No syntax errors detected in ./.tmp/phpstan/cache/PHPStan/36/47/3647033a3e55c12d1ee6b195ed4cc4c9a3934f4c1518a1277f242ee704414b60.php
No syntax errors detected in ./.tmp/phpstan/cache/PHPStan/36/fd/36fd998f5543b5f132ba61028446220354d198220a27d3d15598c280364de7a6.php
No syntax errors detected in ./.tmp/phpstan/cache/PHPStan/36/ac/36ac10d179a90d6766e125fdf7d0a810343013e0cfbee8ff6876e5e5d5646d3e.php
No syntax errors detected in ./.tmp/phpstan/cache/PHPStan/36/fa/36fa0397103ab751fa851cf99c4b9471ecfb57ec3ef82d1a50d71da59fd5f02f.php
No syntax errors detected in ./.tmp/phpstan/cache/PHPStan/77/d7/77d7d7044e55e5fea1e72cac8225246043649c3ce9b0a8fbe1d1ba1fe3384d77.php
No syntax errors detected in ./.tmp/phpstan/cache/PHPStan/77/d0/77d0ef0317ea4d87fccaa6f6412c2d67dee6a49a1ca62fa12e17d80a082e690c.php
No syntax errors detected in ./.tmp/phpstan/cache/PHPStan/77/58/7758af3645b43ba391f703361bfca1ea272b6ec812a00cfe43e4c76e799d4970.php
No syntax errors detected in ./.tmp/phpstan/cache/PHPStan/3d/58/3d58331df9fd3b63202f6ec3e7e0c08da427bc931323114b1ff2e314ccefd585.php
No syntax errors detected in ./.tmp/phpstan/cache/PHPStan/3d/ca/3dca96847b69b21b9ab02ada9a366bde518b3b9ece5992bd6400a85bc1420866.php
No syntax errors detected in ./.tmp/phpstan/cache/PHPStan/4f/2d/4f2d5b4ec93fceed77dededd15f5f5b781558bcc07377936b4f0d8f3148d805f.php
No syntax errors detected in ./.tmp/phpstan/cache/PHPStan/4f/04/4f04a3cdbb6f0ccc73e75984bf9596394774bb4a02a8612793501ffcdb98637f.php
No syntax errors detected in ./.tmp/phpstan/cache/PHPStan/4f/93/4f931b662935359fa61101ed97bbab7e254300dafd977fcae8129c2b50317617.php
No syntax errors detected in ./.tmp/phpstan/cache/PHPStan/e1/70/e17071e59df0e9d9da0b1325957c7f25f2bd43798a92a49e91745f7f95371f8d.php
No syntax errors detected in ./.tmp/phpstan/cache/PHPStan/e1/10/e1101581c28097089639101472ec3c4ef40f36c544e8d27cd97eba34ffac7dee.php
No syntax errors detected in ./.tmp/phpstan/cache/PHPStan/d8/a3/d8a3e9e2b95ae57c28eab1a8060b1a61ac09a22d82df25f16802885c6b9e68bb.php
No syntax errors detected in ./.tmp/phpstan/cache/PHPStan/d8/98/d8982736e8d93b8bc3fec2919e379f43d3e86210c01f6d424c5f5690f8a7ffaa.php
No syntax errors detected in ./.tmp/phpstan/cache/PHPStan/d8/c7/d8c7f0809b8e95b6a345118fff33c7885cf0dd229e07a36848d1c94d655955df.php
No syntax errors detected in ./.tmp/phpstan/cache/PHPStan/76/06/7606587c29b12f0ff5410f57bf2f00512f20831f8fb4301785c154e665dea90e.php
No syntax errors detected in ./.tmp/phpstan/cache/PHPStan/76/ad/76ad3e32612416ca2213ec3be9a67e2cb55a14109bcedf1a5167b0b8f7398770.php
No syntax errors detected in ./.tmp/phpstan/cache/PHPStan/76/f5/76f5e8f293553dc91feea24c7726f39f39d56f4df872f5d5e17cbe9d358ad40b.php
No syntax errors detected in ./.tmp/phpstan/cache/PHPStan/76/3b/763b4597e244f1a50c4fd86240ccf04a4eb80bfb8357ccd69ebea95ceeb2b17a.php
No syntax errors detected in ./.tmp/phpstan/cache/PHPStan/76/4d/764d2bedc2ee9f9f501a2bb986eeb1ade24367a9c453122d20878cb1a4e620f0.php
No syntax errors detected in ./.tmp/phpstan/cache/PHPStan/76/63/76630e5f9e3595c87f6a503b166c4a6554b654456962beac1f70a2dc368cc8b8.php
No syntax errors detected in ./.tmp/phpstan/cache/PHPStan/f0/5a/f05a5ceaa4ca888151d2454a356b68cc6eee655fae3ae5f02dfef648d80af1d1.php
No syntax errors detected in ./.tmp/phpstan/cache/PHPStan/f0/6a/f06a9eef54c7224a3f0d5a392b40eca11e9209fecc2bdb7fd51a2b988de96aad.php
No syntax errors detected in ./.tmp/phpstan/cache/PHPStan/f0/d8/f0d854527c3a7c9719a06fc209ce8ccdc9fd199cf4f0f69fd76e0a6df9cf8f9d.php
No syntax errors detected in ./.tmp/phpstan/cache/PHPStan/f0/93/f0933fc0b8f60e7905fc055a61763a9c3816e02211fffa73f843b03fe68adbae.php
No syntax errors detected in ./.tmp/phpstan/cache/PHPStan/f0/90/f090fbea9d240f88465e7cc11fa842b538b8c87775bf935bd78432dd2a3671ac.php
No syntax errors detected in ./.tmp/phpstan/cache/PHPStan/f0/fa/f0fa38b25f042edc6f0ca4c3586106f51c71bd3ae935f52caee9234575988821.php
No syntax errors detected in ./.tmp/phpstan/cache/PHPStan/9e/53/9e53e0381690350c12723d7253dfb50ea7817c920a24a55c50cf4e1e0e91ad6b.php
No syntax errors detected in ./.tmp/phpstan/cache/PHPStan/9e/f5/9ef5a309ab164d1b631e78b30a5e2d53634e8e1a1d55d30c5474cbb0f69f2ff7.php
No syntax errors detected in ./.tmp/phpstan/cache/PHPStan/9e/77/9e77cec7b5a72046a20a5884325a6e3888ba55842c542c9123bffc3a6fd247fa.php
No syntax errors detected in ./.tmp/phpstan/cache/PHPStan/9e/c8/9ec8973f7cb2ec7db3665ccb74ce5f129ff4c4061d6512dfb7bd761b11573604.php
No syntax errors detected in ./.tmp/phpstan/cache/PHPStan/a4/66/a466c91d21a7b565de3e4665486c7b50f80228621cb39c19c5fca525031cec1a.php
No syntax errors detected in ./.tmp/phpstan/cache/PHPStan/a4/fe/a4fe9ba213660e8c91cc34e3a6ff12f5fe1520cf07f2b8a3577631ddf9075300.php
No syntax errors detected in ./.tmp/phpstan/cache/PHPStan/a4/b7/a4b7d3330ada13e13ae2894bdb69ab1e5801e4839fbedfc2290fc72054fe0861.php
No syntax errors detected in ./.tmp/phpstan/cache/PHPStan/05/d0/05d01defee83357b2b540bd716cdeb4bd92abc5b9bb8cff36e78309eb81fc114.php
No syntax errors detected in ./.tmp/phpstan/cache/PHPStan/05/fc/05fc2f225a874f76c65cf47d272244f62ca13baf1bdc1d5e4f1b67f6f9d8d62a.php
No syntax errors detected in ./.tmp/phpstan/cache/PHPStan/05/17/051762828b951a4649f899f2ba50e2c123972f0af6fb3cad46eba8f1fb741eb1.php
No syntax errors detected in ./.tmp/phpstan/cache/PHPStan/8a/56/8a56c1f7813e807ebefc8289757f0db4e348e1cfa25e18f4ee33aed258f93627.php
No syntax errors detected in ./.tmp/phpstan/cache/PHPStan/8a/67/8a67ed9755c15f61c4d7ef31345186e38b99347128315a3f0a06b70a781e406c.php
No syntax errors detected in ./.tmp/phpstan/cache/PHPStan/b5/93/b59359f64a6fe25724c94c64c2d77aede017819bb332dafe08244c81a57eca20.php
No syntax errors detected in ./.tmp/phpstan/cache/PHPStan/4e/20/4e2098247dcd5f1def97a449ae4f48949dbc62e3f4f7784868defa8c0e5a04dc.php
No syntax errors detected in ./.tmp/phpstan/cache/PHPStan/4e/2e/4e2e0755b7309e6eef9cffe40e9ee00c02f97fc96224ad40cc4d0221b849dddd.php
No syntax errors detected in ./.tmp/phpstan/cache/PHPStan/57/77/57778387a3ad641257bb61bdbc537a10d638acb632cf64ffcacc6013f2a17cd0.php
No syntax errors detected in ./.tmp/phpstan/cache/PHPStan/57/91/579111441765e0e5d88171e58964198bae60c9bfe0c47fe943d9cddae7f59031.php
No syntax errors detected in ./.tmp/phpstan/cache/PHPStan/57/ea/57eadf73138a643b06aa55d8613f71b08c5fee301455f9a54c847d1f8bbb137e.php
No syntax errors detected in ./.tmp/phpstan/cache/PHPStan/57/2c/572ca4b56089538dcd3c6d291a26114e7693bc5d09907fc73350956c61dbd192.php
No syntax errors detected in ./.tmp/phpstan/cache/PHPStan/1f/06/1f0696ee4be2315bd6ab71642ee7d421d9a423d9581fc7b63c698fde6732124a.php
No syntax errors detected in ./.tmp/phpstan/cache/PHPStan/1f/ad/1fad77db905e0f77c9c7a9d4e97b4f7bbc1d4844c27d09aa7fcbccd75de94af8.php
No syntax errors detected in ./.tmp/phpstan/cache/PHPStan/9f/ea/9feae92bb5ec0ab1e6db777cc2dfbfaec12b6c6b97f7bca5603ccff0f3569013.php
No syntax errors detected in ./.tmp/phpstan/cache/PHPStan/9f/65/9f65eec90f2995ab3cb06e4048e3faa4af3f1a3944a7a77ed0522d8e0f053759.php
No syntax errors detected in ./.tmp/phpstan/cache/PHPStan/9f/2f/9f2f1be49c2c5b7415d2cba1895fedcce3150f89c25693e1bbc10188a85df9e6.php
No syntax errors detected in ./.tmp/phpstan/cache/PHPStan/71/53/7153a2d226b0ba1e4f13663f43772d4f5544ea52b8cc41b28910dc65b66d5fce.php
No syntax errors detected in ./.tmp/phpstan/cache/PHPStan/71/24/712437dcb630c7cff738124b1e0d692eb652847dfaa50b17b96a54b767bd78d6.php
No syntax errors detected in ./.tmp/phpstan/cache/PHPStan/71/7e/717e3d37d3bfb14e0cbdaa0adb1f6db39748f3a5b09a962d1351d6881b963d79.php
No syntax errors detected in ./.tmp/phpstan/cache/PHPStan/71/aa/71aac1b25658560b2d8d68a3c13068ae07b42ab31a5758f10a08f12e90d456a8.php
No syntax errors detected in ./.tmp/phpstan/cache/PHPStan/71/6f/716f6c37b5adbccd0687a2f8c8cff315d816a5fd599038954408a5b8cc0008f5.php
No syntax errors detected in ./.tmp/phpstan/cache/PHPStan/71/e7/71e71e7a5f21cec7cc651b0d576020ea5c29ad726d23aced25ea350789f02971.php
No syntax errors detected in ./.tmp/phpstan/cache/PHPStan/2d/60/2d60c776baa746ea98d44aef62b18c4aa60351592cb885fa1cefdc2e1383941e.php
No syntax errors detected in ./.tmp/phpstan/cache/PHPStan/2d/43/2d4300fc98d7435639074816299ebf4416d47b89ea20fe0f0492aee9a0bdbe16.php
No syntax errors detected in ./.tmp/phpstan/cache/PHPStan/7a/08/7a08173ec5dfeec7f93de54ed4e322b24327b2429bc985a12d247466873bd3d2.php
No syntax errors detected in ./.tmp/phpstan/cache/PHPStan/9a/5a/9a5a201bb2bbb641c92b4a45d62f53cbe415fa0aa894e32f32f720e13c3fef41.php
No syntax errors detected in ./.tmp/phpstan/cache/PHPStan/9a/99/9a9946044fb51aaf0fb246c0fde04a06a09682b99305f3627a944a943acc7fc1.php
No syntax errors detected in ./.tmp/phpstan/cache/PHPStan/87/45/8745e046603612cd2fa60ec1fb51ae4a5b07d9f842f2bb3221579054bfba6d31.php
No syntax errors detected in ./.tmp/phpstan/cache/PHPStan/87/db/87db846b229ee87c63e8cf1a7004df51311d31e0e9a17b4818b7550789530ed6.php
No syntax errors detected in ./.tmp/phpstan/cache/PHPStan/87/6c/876c2ff182cfb8ff729bb155119d6c3f69145cb8d32c9a521a0700babbb85868.php
No syntax errors detected in ./.tmp/phpstan/cache/PHPStan/d1/06/d1067587393051affaea55af77c96a4ee9b3182d58b649dbea50676386330886.php
No syntax errors detected in ./.tmp/phpstan/cache/PHPStan/d1/1f/d11f352e94acd80dfeb237f4c54aadeddb4eaca3c1adbbf009b1f660021e36f1.php
No syntax errors detected in ./.tmp/phpstan/cache/PHPStan/d1/1d/d11d426fb9cd8789c2a6cfd6e676347db9e0d5541cb4155fc02de10933127759.php
No syntax errors detected in ./.tmp/phpstan/cache/PHPStan/d1/b6/d1b66f09de37086c30615a466b4c92e06783deddfa5b1728d6724f0717169ae5.php
No syntax errors detected in ./.tmp/phpstan/cache/PHPStan/d1/c2/d1c2abb377326348f6eab2cf1239a2334975e80e7506fcb17bb3ab01e592945f.php
No syntax errors detected in ./.tmp/phpstan/cache/PHPStan/d1/b3/d1b3879f576e5e5f25b0fb2fc8dbbb1fec8697bb828d31b5726626191272d792.php
No syntax errors detected in ./.tmp/phpstan/cache/PHPStan/d1/b7/d1b7fa346c96eb433fc4c2b14d026ad09e4e7fb224bb681cef54de08a2cb8e62.php
No syntax errors detected in ./.tmp/phpstan/cache/PHPStan/c4/7a/c47aad30501fa2b8b6bd977269d6900ea4fe2053484396e5160799e5772ca080.php
No syntax errors detected in ./.tmp/phpstan/cache/PHPStan/c4/97/c4976a4c101352382de08c87a1d0a20d3b2b54fd54e3c26f25723559d1b9d112.php
No syntax errors detected in ./.tmp/phpstan/cache/PHPStan/11/37/113782a225bbf2e2f19023b90398c3c3984c642f09ea9665e5314a338e03573e.php
No syntax errors detected in ./.tmp/phpstan/cache/PHPStan/11/f3/11f3e5a33039b81d42281e0743657899436403158c2afdc42a02c496610d10c8.php
No syntax errors detected in ./.tmp/phpstan/cache/PHPStan/11/32/1132c023eed252de9e9d3a876dd056ec4973d93a49fee3befbc6ad2501778f1b.php
No syntax errors detected in ./.tmp/phpstan/cache/PHPStan/4a/4d/4a4d3b8aecbe52519ce7cd57552b68a295b2fd338735f0fb10cf7533d8081e5a.php
No syntax errors detected in ./.tmp/phpstan/cache/PHPStan/4a/21/4a213decb61566bb021946c0f36c197ccb76e3a783fe984cae46b5d7630c3b8c.php
No syntax errors detected in ./.tmp/phpstan/cache/PHPStan/e2/f4/e2f414d75cf97046283bc44895fe81a82af27076ded6e0766ee818a5a351eda8.php
No syntax errors detected in ./.tmp/phpstan/cache/PHPStan/04/f7/04f71208869da943b3a876363f9f6f0ecefbd17058116e4fd9c3455b9d617117.php
No syntax errors detected in ./.tmp/phpstan/cache/PHPStan/04/55/0455b9ddca944f8fa69aa19a954e330226bcfb7688a76d17c0749ffa2d93c8e3.php
No syntax errors detected in ./.tmp/phpstan/cache/PHPStan/04/39/0439c8ab586c4a495670744099611c160fb5f86960c544789c1e6c00d69c68db.php
No syntax errors detected in ./.tmp/phpstan/cache/PHPStan/93/5a/935aa6895ef3b4ea53c22a6f723f0ca20702c7ef714c68033af40169dc9828da.php
No syntax errors detected in ./.tmp/phpstan/cache/PHPStan/93/9a/939ac5fb3e155dc46bdbca6b323bb875d829dee3c048027686e34c8dd4c52001.php
No syntax errors detected in ./.tmp/phpstan/cache/PHPStan/93/b3/93b38d1a568cbe549c29fdfe0794ea707320ca0ab08f8bc6fdb52cb3812cb4c8.php
No syntax errors detected in ./.tmp/phpstan/cache/PHPStan/ef/27/ef27b4869dddd4e5e5eb7a4f420138b4955b38d3b93a9c58c6333211a9a2b7fd.php
No syntax errors detected in ./.tmp/phpstan/cache/PHPStan/ef/3e/ef3e3c39dcc3747853b7863b7fd7d1e8df732f4a473889fdd5c95e104961a6c3.php
No syntax errors detected in ./.tmp/phpstan/cache/PHPStan/ef/47/ef47144649a8618788dde4159b95de5df95e5f0d0258ea5562109f787125bf27.php
No syntax errors detected in ./.tmp/phpstan/cache/PHPStan/ef/bd/efbd58d2290233270fb193ff22b024e2d0b774a0a1dce3b88320336c93fb7b4a.php
No syntax errors detected in ./.tmp/phpstan/cache/PHPStan/ef/6b/ef6b58d7f64943e3c7d88bfdd1f37d83716a76ecba52fd5ec6685c8529702523.php
No syntax errors detected in ./.tmp/phpstan/cache/PHPStan/ef/cb/efcb7e78593d7883f139d3b3d17ff842de98eee80033e250ebf03ba4c2d709cb.php
No syntax errors detected in ./.tmp/phpstan/cache/PHPStan/ef/ac/efac87bda0550b1f49aaa60a52c0a78cf76126970f4114a7ee5c7c8220340696.php
No syntax errors detected in ./.tmp/phpstan/cache/PHPStan/91/c9/91c93845d801ecd155019371c4456af49bd008a3cfa5bbf1c9ab37f1bef7d061.php
No syntax errors detected in ./.tmp/phpstan/cache/PHPStan/91/46/9146c9ea7494d04e7dcc85aa78bb51522a4ef411e73e06744c793c927ab1b3c0.php
No syntax errors detected in ./.tmp/phpstan/cache/PHPStan/91/c8/91c868671334e0b8f30df1b40b323637221b1e2904bdc156d599e95331758771.php
No syntax errors detected in ./.tmp/phpstan/cache/PHPStan/e4/40/e4402214c091543fc72333ff9a3687efde84f9812ee911d7c8ec18b934a284e6.php
No syntax errors detected in ./.tmp/phpstan/cache/PHPStan/e4/00/e40060a16f6460cd54244b5e7260a4db6388b121178935b05b9f55f8ab2ae581.php
No syntax errors detected in ./.tmp/phpstan/cache/PHPStan/ae/00/ae008ffaf3bc6bb597935465f6d378597e40abc2ef351f9f29e35727892fc90c.php
No syntax errors detected in ./.tmp/phpstan/cache/PHPStan/ae/0d/ae0d112857f9215490324132ecabc03f34bbb97605e7349e873d463a6f454886.php
No syntax errors detected in ./.tmp/phpstan/cache/PHPStan/af/e3/afe3d8a2dd339e2f3078c4fb6dcb65e3534178887b72f809a8f90a68d38a9a9f.php
No syntax errors detected in ./.tmp/phpstan/cache/PHPStan/af/7f/af7fc39da95570dd0dd30620042984efdf3139a72a82f604674e9d98cb65a083.php
No syntax errors detected in ./.tmp/phpstan/cache/PHPStan/af/29/af2922de6305b9b4be1fe88441ab0130866df9d5dac6d184a5b6c23450cfad9e.php
No syntax errors detected in ./.tmp/phpstan/cache/PHPStan/af/f2/aff2ebf5e45bf1aa69046104ccb0b7323bdb282e14f3af57b9f7f8096d6981d8.php
No syntax errors detected in ./.tmp/phpstan/cache/PHPStan/af/2a/af2a3953b28d075f2ac039b41db0b4b5b9a405bb76f81f86990ffd55cd2eeeac.php
No syntax errors detected in ./.tmp/phpstan/cache/PHPStan/af/9c/af9c2229785a4e14789aa50f24043c036a4835ea875d399d5af4c83ac0e92a4f.php
No syntax errors detected in ./.tmp/phpstan/cache/PHPStan/af/9d/af9d5dee3a9401a4f08b40b04b2f18ccbc603c4e30dbda7bb2fef86426f4c95d.php
No syntax errors detected in ./.tmp/phpstan/cache/PHPStan/af/d9/afd93c8525ce795c4c27e2ebcfb9304ee8e48fc1dd0e4c26d20fbe38436168ab.php
No syntax errors detected in ./.tmp/phpstan/cache/PHPStan/01/3b/013b51b8473f022663cdf7e314d4c20a3e849f8aca9f88f983eec680ff9dcead.php
No syntax errors detected in ./.tmp/phpstan/cache/PHPStan/01/89/0189ddd64d6356c8ff49a988319fbd84c92f0ec60269519263055f496d1f4dc1.php
No syntax errors detected in ./.tmp/phpstan/cache/PHPStan/f9/25/f9258f0b0f62d8841238c6e04a82701002f6ab2425fe1952f69d98fc5d6fe3fe.php
No syntax errors detected in ./.tmp/phpstan/cache/PHPStan/f9/6a/f96a3720b01713412f6038bfdc307e4409939ab23ec391f74b96176ee6064149.php
No syntax errors detected in ./.tmp/phpstan/cache/PHPStan/f9/04/f904846bff5da5d4d64a638988376b8df3aec29764a85729a858a8d51ad892e0.php
No syntax errors detected in ./.tmp/phpstan/cache/PHPStan/f9/22/f92287f1ea5c106772f98c6802c4c3b84f334c5010364aba204c988f81b0d895.php
No syntax errors detected in ./.tmp/phpstan/cache/PHPStan/7e/df/7edfda71a40d125cf40a96b3fc1ccc7882225c3d8c9bbbb38d320dc4d251c2b5.php
No syntax errors detected in ./.tmp/phpstan/cache/PHPStan/7e/2a/7e2ad6529cf0003829619b8e79b24a3ded1b88268e1d33c30950ecc522be8f42.php
No syntax errors detected in ./.tmp/phpstan/cache/PHPStan/7e/fd/7efd5f77f0a930f1e7efbb030a1d4f0508ecb0bab15e9874e8e7de3dc687290b.php
No syntax errors detected in ./.tmp/phpstan/cache/PHPStan/7e/4a/7e4a91716f1f0ec249267d37ec22e9b2d04c1ee7865653300b016c2a7d89d286.php
No syntax errors detected in ./.tmp/phpstan/cache/PHPStan/7e/c7/7ec7bbe0751e30e928e52cc8dd36d085bf4cc1c6bdd061493fe53fcd54bcb35a.php
No syntax errors detected in ./.tmp/phpstan/cache/PHPStan/7e/84/7e84c854e2d40a9f6d6d1a4c2627eedd696e40561d33509c9be4f80c8a33c84b.php
No syntax errors detected in ./.tmp/phpstan/cache/PHPStan/92/46/924603c26398cc9e4f081e5c95ba8b3388b24b73930be25084c484770a343be7.php
No syntax errors detected in ./.tmp/phpstan/cache/PHPStan/92/ed/92eddf72e814efb6fa34c4c753f7fd49f02e0289cb66f0c771d6d70450d5919e.php
No syntax errors detected in ./.tmp/phpstan/cache/PHPStan/92/aa/92aa40cb24e7a6b9109d499f31022e084f7c427ade1bb4a8d00d0c2caa3a739e.php
No syntax errors detected in ./.tmp/phpstan/cache/PHPStan/3f/30/3f307e31612cf01ed9ba33c75498065769e6d538c980ff42762be472e069c39c.php
No syntax errors detected in ./.tmp/phpstan/cache/PHPStan/3f/73/3f7343d917d5f84e7272c8178b9610ae0ad030c765705c5bc7734b9552788de5.php
No syntax errors detected in ./.tmp/phpstan/cache/PHPStan/3f/92/3f92b3bbfe2c43285c5b76fc59edc762b609aabc0031e1bcfb9f954f75ee5e7d.php
No syntax errors detected in ./.tmp/phpstan/cache/PHPStan/3f/21/3f216bdae8ba60ac6f57023ec68b905f46913f5226e0ee1a876d6a2e083c1cd9.php
No syntax errors detected in ./.tmp/phpstan/cache/PHPStan/3f/d4/3fd4cd2cd7218cd249edf789fd509b9151392555adafb3a8729b159669af2ddd.php
No syntax errors detected in ./.tmp/phpstan/cache/PHPStan/74/47/7447652d087c51e5dfcfcdda03279eeb8036444acfa42fbd7543cdcf0976e447.php
No syntax errors detected in ./.tmp/phpstan/cache/PHPStan/74/f7/74f700d5f6dd52658b94ae649d709244d8d71835edc83cc3e5a8cd08a994a08c.php
No syntax errors detected in ./.tmp/phpstan/cache/PHPStan/74/6f/746f48f7dc20e9dbf4873ab172f898af9d6d9230a9085533057c06ef36cc6bd6.php
No syntax errors detected in ./.tmp/phpstan/cache/PHPStan/de/52/de526cd9d8111aab373dc8dd92146990e1cad56f32bc38d59220fe4f6a8aa4aa.php
No syntax errors detected in ./.tmp/phpstan/cache/PHPStan/de/00/de00e14a3defbddc3524cac9c8fc541018feffa33e6792626f5e2a29fd7683b3.php
No syntax errors detected in ./.tmp/phpstan/cache/PHPStan/de/84/de8449e9579192120cc06e55593c25803ca5b9ef921eed15f25a71466ca54163.php
No syntax errors detected in ./.tmp/phpstan/cache/PHPStan/f6/6b/f66b03af125233122f62a1180eafd6dbf3ab9b5b5f39316b7b9f205b85037199.php
No syntax errors detected in ./.tmp/phpstan/cache/PHPStan/f6/05/f605a88b237b251cb03e831fe62c428fb2afe05cc7e0ff0ff7a3cb437c93fdc4.php
No syntax errors detected in ./.tmp/phpstan/cache/PHPStan/f6/21/f62105f41657baa706bebc89fab692a7c075706da1f476f08faa9fe73d58bfd4.php
No syntax errors detected in ./.tmp/phpstan/cache/PHPStan/f6/c2/f6c2c594f2c14e4edb8e35d66093044033f3248fc3a1ccedb4f16fd6d37f2120.php
No syntax errors detected in ./.tmp/phpstan/cache/PHPStan/50/82/50822418cf2e837b606097b56779e24207bbbec377b552b4ad5a6eeb56b2cca7.php
No syntax errors detected in ./.tmp/phpstan/cache/PHPStan/50/73/507314336afb44697ea6a76251754b91a4befe5f7baf33e1d66e4943943c646a.php
No syntax errors detected in ./.tmp/phpstan/cache/PHPStan/50/fa/50fa335543391403fdf1c9e12478aee8171515c11c6af2010471216b51656ddb.php
No syntax errors detected in ./.tmp/phpstan/cache/PHPStan/50/eb/50ebb321c81230371b57574443e31851e44125563603a4998eb235186e3b5e44.php
No syntax errors detected in ./.tmp/phpstan/cache/PHPStan/0e/fb/0efb59d8723a82ebc8fe66e260f2f894cb7ffb316a22927fbac3466df27f493e.php
No syntax errors detected in ./.tmp/phpstan/cache/PHPStan/0e/ce/0ecedcd7d8a32fa3884d2b382f24d09713e48b06f3ddee7e8ed47684765d5092.php
No syntax errors detected in ./.tmp/phpstan/cache/PHPStan/0e/02/0e02ffbd9e50ffaafdd37f403f77f9f3b301339b47d4f0318979011f2e5c48d2.php
No syntax errors detected in ./.tmp/phpstan/cache/PHPStan/0e/9d/0e9d40ba452bb33b79ecfb9bfbc8a1e22e75f4d17d94f2a561465367b2e49e4c.php
No syntax errors detected in ./.tmp/phpstan/cache/PHPStan/0e/99/0e99886411bee30032e415bf8656225b5a8288260c63b9be5836cc4bcaa7c30a.php
No syntax errors detected in ./.tmp/phpstan/cache/PHPStan/c6/7c/c67cacf5c5c04efca6ca8807cd2d6f48474fdc97b1fd036d370da5cbbf9f35e8.php
No syntax errors detected in ./.tmp/phpstan/cache/PHPStan/c6/85/c685246ad298e4b978f880024121e08479993307c9f7e9c68415ec1b00398f07.php
No syntax errors detected in ./.tmp/phpstan/cache/PHPStan/4d/ce/4dce2e817a43d44aecd335cb862d4b953f9dd8c053f1ca789cf0edf560df23e9.php
No syntax errors detected in ./.tmp/phpstan/cache/PHPStan/4d/ef/4def86f9464887b3204ea4853fb74b97114469059d852160845417b4d4fbca00.php
No syntax errors detected in ./.tmp/phpstan/cache/PHPStan/16/ce/16ce846719f3c71b25f462e0381a9af7993b4078889622c03d9929994310cb1a.php
No syntax errors detected in ./.tmp/phpstan/cache/PHPStan/16/9e/169e3e322ed55db6f3e66dfd199fe4855254a990f0bc397831614d1c202e8eb3.php
No syntax errors detected in ./.tmp/phpstan/cache/PHPStan/f3/29/f3299109eb9b2f80a4d4b1425181cb9e08a5e609abfcad24549ecc51952def21.php
No syntax errors detected in ./.tmp/phpstan/cache/PHPStan/f3/33/f333941814f7c99abb85f2c63632aaa1337d61733cce0a10381a6ed5871466da.php
No syntax errors detected in ./.tmp/phpstan/cache/PHPStan/f3/d8/f3d8244a2c4bab1830ecc7a93aa78977d14ec4eca2eeaa69103ea3b0856dc871.php
No syntax errors detected in ./.tmp/phpstan/cache/PHPStan/dc/fb/dcfb9313a3904af6b787a44162be4e3f4e9bbac1bf0901fc27c4c20d3ae90a18.php
No syntax errors detected in ./.tmp/phpstan/cache/PHPStan/dc/9b/dc9bf852c5a96cc85e05fd2ace58902912399999f99b18e0fc3ef6e296a937e3.php
No syntax errors detected in ./.tmp/phpstan/cache/PHPStan/dc/0b/dc0b350edc3d7e23ed78db78f5b412ad68a36a2b7de66fbb9ddd9123f979e2e2.php
No syntax errors detected in ./.tmp/phpstan/cache/PHPStan/dc/4d/dc4d1fab35ff8455539cb0cfc342ef44f29107dc226a8d3556bb2e92e2f0a380.php
No syntax errors detected in ./.tmp/phpstan/cache/PHPStan/dc/90/dc9092b2ce2df8f4a06bd47c35180fad48058070028f010b80ce83c23308927b.php
No syntax errors detected in ./.tmp/phpstan/cache/PHPStan/dc/90/dc90ec4674b1981737a7ca650967d45bba9977b97c039dd36ce8a17fe9afa205.php
No syntax errors detected in ./.tmp/phpstan/cache/PHPStan/dc/b6/dcb6f044f2192577904debf3411e36e927b19a22ac40c744db2cd37ac8104c86.php
No syntax errors detected in ./.tmp/phpstan/cache/PHPStan/dc/63/dc6303299ea6be602b60760425c9ad908e8fbb6ab4ad12affb9ab0912afa4a2a.php
No syntax errors detected in ./.tmp/phpstan/cache/PHPStan/b2/82/b28209b1830767d3879225708f0dacbee9bab40ca8e1cda4f89c04aa21b149ab.php
No syntax errors detected in ./.tmp/phpstan/cache/PHPStan/cb/d8/cbd80ce4b2571e2a802c7ab47b27249bd01e4d8c62fe3ac1d2dc1e7887dd7ef9.php
No syntax errors detected in ./.tmp/phpstan/cache/PHPStan/cb/04/cb04fa6454c5adb3935fc4c02cfdfbc1e39fe3bc40e4d7058f9c04f3b7f9e344.php
No syntax errors detected in ./.tmp/phpstan/cache/PHPStan/cb/ac/cbac478e3b9ab436d26eea1cf75b1c3ab0ebdca65489354efa1dcd617b072360.php
No syntax errors detected in ./.tmp/phpstan/cache/PHPStan/3a/c5/3ac58d1f980f8a4e60b35db0d3db5ea97aa969333bfe7cf9d0315cc84bd2b02c.php
No syntax errors detected in ./.tmp/phpstan/cache/PHPStan/3a/47/3a475fb187ffe4c5057f274053d4fb169b29406ccc6fb3b2ae4193039f83867b.php
No syntax errors detected in ./.tmp/phpstan/cache/PHPStan/3a/3d/3a3d8655d47a6f2f90757c34762708bc329aed1f76ed956ea4aef59d7dc4f773.php
No syntax errors detected in ./.tmp/phpstan/cache/PHPStan/3a/5d/3a5dc3ed0108cfa197423bba91d6ba0be19dd543e3e7e5b7ad70681cfd08613a.php
No syntax errors detected in ./.tmp/phpstan/cache/PHPStan/3a/65/3a6541d8b622d2985a1301b2afe5dccc8beb2a216e63d0ddf546dcf151a1e459.php
No syntax errors detected in ./.tmp/phpstan/cache/PHPStan/85/a1/85a138b48989bc8b8d9df1bf71d16fb65ebb2b9be128e44269f7db0cd51fa68c.php
No syntax errors detected in ./.tmp/phpstan/cache/PHPStan/85/d1/85d1cd8cebdfbfe9fa0281a963e5302dbeafe72459a3eeace1204b4a9ae6116d.php
No syntax errors detected in ./.tmp/phpstan/cache/PHPStan/85/6e/856e8717050c5913fd827eda1bb5d184ee527cf423e928a0425ea2ab954476ae.php
No syntax errors detected in ./.tmp/phpstan/cache/PHPStan/aa/74/aa748dce90ee5acfa94907e3eb5c693cac108ec546fe03882eee9092740bc196.php
No syntax errors detected in ./.tmp/phpstan/cache/PHPStan/03/f6/03f6d08be8fd4d2f969ec9e7ac2b86152ea0db064c58f1b4cc33f8d9c6967e25.php
No syntax errors detected in ./.tmp/phpstan/cache/PHPStan/03/0f/030f046cd7d83954b3c40658d687f7c19ca246661f5263a351a159ca6791ad04.php
No syntax errors detected in ./.tmp/phpstan/cache/PHPStan/60/5b/605bcad771b325305a6d7613ea31612fb1fc6487b8466c0d8203d0ee92e5e8ce.php
No syntax errors detected in ./.tmp/phpstan/cache/PHPStan/60/f9/60f9b222c39480df0c6e19ec9b7e70a59e5b3a85f94c152f7ca8b24dd3572bf7.php
No syntax errors detected in ./.tmp/phpstan/cache/PHPStan/60/65/6065a9d2e10fc63e965aab2ec289cd67d0ad84c6fe34ea5f3b5bb6516efa6468.php
No syntax errors detected in ./.tmp/phpstan/cache/PHPStan/ba/fd/bafd7ade48d72c8a6ad660d3a182058b2a0e536573c603ea7494c04a55777bbc.php
No syntax errors detected in ./.tmp/phpstan/cache/PHPStan/ba/e2/bae220ac085e9ae27bebad3dd098617b5468176f1f6a63a9b9d22a2fcc388a84.php
No syntax errors detected in ./.tmp/phpstan/cache/PHPStan/ba/1d/ba1db1fa9cf74c087fcc8032eef383b48c089b7928238ead857522336a16a7ae.php
No syntax errors detected in ./.tmp/phpstan/cache/PHPStan/ba/c2/bac2baa7643d395db4103083369f680bd0d119a922a5b77581663fdf002c5f07.php
No syntax errors detected in ./.tmp/phpstan/cache/PHPStan/ec/3b/ec3bd676f25ff1e27b8ca4e89e8f6a1a999508e2995e1631d75d743566d7a2ce.php
No syntax errors detected in ./.tmp/phpstan/cache/PHPStan/ec/7a/ec7ae297008e575e252e6e5c97ba8d00955ea229b91776826fd00d63764c421a.php
No syntax errors detected in ./.tmp/phpstan/cache/PHPStan/ec/70/ec706a40c6e7b26ea8c7a3e5fa480eae5d27e5f044c8b8d68ef5b1230c191fe9.php
No syntax errors detected in ./.tmp/phpstan/cache/PHPStan/ec/0c/ec0cfa1db9a531142a658724db87f6c77b3159a75201e96af50a5d446aa987a5.php
No syntax errors detected in ./.tmp/phpstan/cache/PHPStan/6f/bb/6fbb0ac82845f82c2612ef9b373fe9e6f5cde61352453d4506a950025c43eb27.php
No syntax errors detected in ./.tmp/phpstan/cache/PHPStan/6f/d9/6fd9ae2e21a24df50e958970e42b7b13db7dce4c733ad4194b3405d0a6d153a7.php
No syntax errors detected in ./.tmp/phpstan/cache/PHPStan/6f/f1/6ff1f6f84b4619f91038cb7db5e4312f8e4a00d90a3204e5361c8613f2190f77.php
No syntax errors detected in ./.tmp/phpstan/cache/PHPStan/6f/38/6f3892ad3e4ae1659115aabf07b0d3e14b3522d5e1d331c24742e601968950e8.php
No syntax errors detected in ./.tmp/phpstan/cache/PHPStan/72/37/723789d3bc96cbb1f95490b5492375ed576b90d0118a236f9f39dc31a6141504.php
No syntax errors detected in ./.tmp/phpstan/cache/PHPStan/72/5e/725e79d489a191403cf3f9510ad2e1da2f15a1cf59eabdf6f21dbfbdab4bd2f5.php
No syntax errors detected in ./.tmp/phpstan/cache/PHPStan/ea/8d/ea8dad3637f54475ba4f174b00a047d918f9afee7c9d21247f5d19eaf0972617.php
No syntax errors detected in ./.tmp/phpstan/cache/PHPStan/ea/12/ea128362872ad1ba1adbc40a39aacbff04214d43f2ba59936feabbee7fa6cb66.php
No syntax errors detected in ./.tmp/phpstan/cache/PHPStan/ea/02/ea020e628acd39d01e1a5c0bba1c745bf0000626caf32b8e7d5d57d2e2bc7e1a.php
No syntax errors detected in ./.tmp/phpstan/cache/PHPStan/ea/26/ea26fe4f633b130e68fc328262513ebef542772dd1595374a3c9870031b0f963.php
No syntax errors detected in ./.tmp/phpstan/cache/PHPStan/09/87/09870ede362b7f2c26e8a482d4e6b461a6396e3bf5d9dcdcb03b93244ae70f13.php
No syntax errors detected in ./.tmp/phpstan/cache/PHPStan/09/ac/09ac6ab5812af44c6c8f93780adb26e14173dbd82815f14cd844195102a7a813.php
No syntax errors detected in ./.tmp/phpstan/cache/PHPStan/80/7f/807f8ea7418f4656190f38b0aaca29ca051c8a74697d3731f499065e738c3142.php
No syntax errors detected in ./.tmp/phpstan/cache/PHPStan/80/8f/808fcab5d7e0dfa116bf2b75e1a2f81b0a7105ce94ddadea24816d3d0c012ce9.php
No syntax errors detected in ./.tmp/phpstan/cache/PHPStan/80/4e/804ef744329377ab988933b7472dbed4faa8b13993cf4885c07aa0907799455b.php
No syntax errors detected in ./.tmp/phpstan/cache/PHPStan/80/04/80047eb5f9a73da488efbe2d3e7ac2a1b9f79ea32f3eac662ba6fa51fda4dca8.php
No syntax errors detected in ./.tmp/phpstan/cache/PHPStan/80/e7/80e74ac3dcdfcf9dad76d29215bf820abc34a188d31502de78882e442d310675.php
No syntax errors detected in ./.tmp/phpstan/cache/PHPStan/80/ca/80ca7113a50f50822ad5f5b30910fd314c8779445f6f7be18f3a687e46c587cd.php
No syntax errors detected in ./.tmp/phpstan/cache/PHPStan/ac/e4/ace40703946230602a9dcb45fc27d10e441f89ffbd8d5dd23b9eeb454b72c4f9.php
No syntax errors detected in ./.tmp/phpstan/cache/PHPStan/ac/eb/aceb8c9949739f69dd2e7264726aedfa6a646fc0a2663c198e65d980e4b654e1.php
No syntax errors detected in ./.tmp/phpstan/cache/PHPStan/ac/0d/ac0d086399b34bb669dfd0fa561294a1c11621653f3005db59e57e91b4820bee.php
No syntax errors detected in ./.tmp/phpstan/cache/PHPStan/41/57/415767f7485b32cb0e95cfa9d0b54ecefc95029d155ae0e38e601fda6ef798f9.php
No syntax errors detected in ./.tmp/phpstan/cache/PHPStan/41/3f/413f94f263402e039f32626e937ed87d26a378529156ac33493e1a5298d1979f.php
No syntax errors detected in ./.tmp/phpstan/cache/PHPStan/67/15/67159ede91c3604c1bf550a1c5683f57b584050f49bbbd9194776f9cd8f2c7e4.php
No syntax errors detected in ./.tmp/phpstan/cache/PHPStan/67/3c/673c2718fd79b4da23a20b009adf9cec9d7ee61e98ba5d4e8434ff445bd98e47.php
No syntax errors detected in ./.tmp/phpstan/cache/PHPStan/94/07/94079e8c721b1c4872c1a0c284caedfdf51508f78a5bf6798577e9cc036d06ec.php
No syntax errors detected in ./.tmp/phpstan/cache/PHPStan/94/6a/946a84456f86be80609b0f9a2947be3ac30c6e471096f4c4dce1f33026415f01.php
No syntax errors detected in ./.tmp/phpstan/cache/PHPStan/94/3d/943dc2f97e291cd45c030137e3bdd0dfb82093e576d8b2129e1dadf9fc165665.php
No syntax errors detected in ./.tmp/phpstan/cache/PHPStan/94/7a/947a1976a804958a246d95222c7176ca387b65ba692234ec41868bf4f66b794d.php
No syntax errors detected in ./.tmp/phpstan/cache/PHPStan/94/9a/949a88b3d3b16e1fbf58f48515c1ae82abdcfcb24257ea9701c3f77bc86587d9.php
No syntax errors detected in ./.tmp/phpstan/cache/PHPStan/94/f6/94f670b7a06a17696b4a1b4ce69cac3d988c4e91a65879f16a322848ac55dd16.php
No syntax errors detected in ./.tmp/phpstan/cache/PHPStan/94/03/940326e000ba4e34d0d4c519366ac0d5ea91925c3ef0c79a277135d9afd78828.php
No syntax errors detected in ./.tmp/phpstan/cache/PHPStan/94/ab/94aba440b1e69ace127e9c08f399e27798da21a173e9c311a2f8b72bd6a4d5c3.php
No syntax errors detected in ./.tmp/phpstan/cache/PHPStan/90/27/902730b5cd0fe9c6e8fde6d46de674707440610c07377e3bf6937cd94411449d.php
No syntax errors detected in ./.tmp/phpstan/cache/PHPStan/90/a2/90a2a0b4dc3c37a1c58d4af30ec41754bd7194fced5b49e8e0a6ca5550376b77.php
No syntax errors detected in ./.tmp/phpstan/cache/PHPStan/90/73/9073555fc60146a7d76b5f4adc6972de766c2ef630bfe5c168d9be2e50941997.php
No syntax errors detected in ./.tmp/phpstan/cache/PHPStan/90/a7/90a771f566219c3eee976fd0605acc21b1b2cd532e4b534c2aadccada06721cc.php
No syntax errors detected in ./.tmp/phpstan/cache/PHPStan/90/84/9084071b28302e8cdfbc1b977ce389462dc3beef2f0d3f41727e81c6f91a0326.php
No syntax errors detected in ./.tmp/phpstan/cache/PHPStan/90/31/903105f9d6625acc4b2c5d6acf0b254344fd9b21d0e1701152af87b85167f337.php
No syntax errors detected in ./.tmp/phpstan/cache/PHPStan/90/17/901785c1cf03c9c2d88293170bbf15a8407b46b8f625346730d2b060ba1ea46e.php
No syntax errors detected in ./.tmp/phpstan/cache/PHPStan/9d/a0/9da0159353a7551f1f1929deba49a69bb4654dee1331ef60740ef2524e1cbf8e.php
No syntax errors detected in ./.tmp/phpstan/cache/PHPStan/a7/13/a713e8c929c6e7bced65f32d1ba201f6cfba7073344b941a08499ae8e03e4398.php
No syntax errors detected in ./.tmp/phpstan/cache/PHPStan/a7/23/a7237eae458936f93ef0ed3a000512f3784e185e80ee3aa700afcd5a9b38dff7.php
No syntax errors detected in ./.tmp/phpstan/cache/PHPStan/1d/a3/1da3a63c05d948e9aef95b7ea8036be2a0cc039b9f95fe7bc84029b9c7cad5ed.php
No syntax errors detected in ./.tmp/phpstan/cache/PHPStan/1d/df/1ddf7c01a670be9cd50cb829ad11bb32789e2921380a0b9cea9910d31850d855.php
No syntax errors detected in ./.tmp/phpstan/cache/PHPStan/1d/0e/1d0e677c865fd5586972f54e9066b4e759aec18bcc2e62ba9f844996fe0b431e.php
No syntax errors detected in ./.tmp/phpstan/cache/PHPStan/08/4c/084c588932c4257771fbc0074276237f5dfd08571e86148064a93792dc8917f3.php
No syntax errors detected in ./.tmp/phpstan/cache/PHPStan/08/47/08478be0ed2409329d75c8847a08cdb19c03d1eebfc2ff52ba1f98de6f9129fa.php
No syntax errors detected in ./.tmp/phpstan/cache/PHPStan/08/55/08554cdca178912ee34aaefaf5529a38e82b1f191207334affc28c12a9ebba9c.php
No syntax errors detected in ./.tmp/phpstan/cache/PHPStan/08/8d/088d1e7c624d81b7e7c1272d840e89bfa70823e984f064fe6cc15fae3046b2ef.php
No syntax errors detected in ./.tmp/phpstan/cache/PHPStan/08/d5/08d54b24414e1f2bcafb0678afa11c5aa773c928a6e6a042e981fc9e1bed8c75.php
No syntax errors detected in ./.tmp/phpstan/cache/PHPStan/08/e1/08e1b7edd81796a1697dbfc03550bc0f076ff4e38c53be63ebbf124e58d1b8a9.php
No syntax errors detected in ./.tmp/phpstan/cache/PHPStan/08/e1/08e11ea2cc735d3446d3a1d982f4219e4152694090f892badd3c5733bae4ccf8.php
No syntax errors detected in ./.tmp/phpstan/cache/PHPStan/08/af/08aff871b5be32a565066809ba662df42ecd093f9ba7f2e0ea11b70658ffcd40.php
No syntax errors detected in ./.tmp/phpstan/cache/PHPStan/08/85/0885e12a53365989175beaa4032a75f383448f3d03f97ffbbd2bd2b04af6f1b3.php
No syntax errors detected in ./.tmp/phpstan/cache/PHPStan/08/95/08956eef7f6863134f24d7574b9bf61d01e4c98b6cb16efcde9747094eb7f389.php
No syntax errors detected in ./.tmp/phpstan/cache/PHPStan/69/67/6967e8de03c26a89837362b6d591637d41bc243c618ad0e624dc8dd0358de6c6.php
No syntax errors detected in ./.tmp/phpstan/cache/PHPStan/69/a6/69a6b786c53089b4ff4d7f413eaa59d57249644db513ae40eb2432102f10ebf3.php
No syntax errors detected in ./.tmp/phpstan/cache/PHPStan/13/cc/13cc5c3f4cb586acd5db562d107bacd0a48519297cf46460cb6b2cd7dd5a9045.php
No syntax errors detected in ./.tmp/phpstan/cache/PHPStan/bf/49/bf49fa0ee1600736a85944560603aecd27ea036938119aaa4d65b8f23db99255.php
No syntax errors detected in ./.tmp/phpstan/cache/PHPStan/bf/1c/bf1c14d49fd121f92c1f8154138ef56a5f6de6a544a6f6ad19a8cfda1283aa64.php
No syntax errors detected in ./.tmp/phpstan/cache/PHPStan/bf/3e/bf3e32ccf9294fe57b1644a66747e6f3c9d8fe3da3dbe93b497b5c6332b28a5f.php
No syntax errors detected in ./.tmp/phpstan/cache/PHPStan/bf/f3/bff3da0fc9771dc65fc29a1ab71f0fb07550ced351c1894a2c7b1b81ec4c361c.php
No syntax errors detected in ./.tmp/phpstan/cache/PHPStan/bf/63/bf63e7703ee7e562cda72c87e1abad44e0d1f7639aac2693d1ef6cddb648281d.php
No syntax errors detected in ./.tmp/phpstan/cache/PHPStan/bf/31/bf31673d370ff1465c05af6d5c0f5b70a0204359e182b01b773e8599fbfe9945.php
No syntax errors detected in ./.tmp/phpstan/cache/PHPStan/32/0e/320e7fa319ba109308c7fe931c0438bc70a5c991a883d3ab5d22bc830f872695.php
No syntax errors detected in ./.tmp/phpstan/cache/PHPStan/32/eb/32eb0872a2b116a9b4f6ae782f34a172133ca14a6f73d5117f3f1c2671cfd07a.php
No syntax errors detected in ./.tmp/phpstan/cache/PHPStan/4b/01/4b01b8d1da274deac4b23d7b23ddd40fdadc0b81236a506f82707f19dd70b6bd.php
No syntax errors detected in ./.tmp/phpstan/cache/PHPStan/4b/1a/4b1ac032e684ee51f017ffb27e2171e508d605ed6205add1812ee85c9b6e2faf.php
No syntax errors detected in ./.tmp/phpstan/cache/PHPStan/4b/e7/4be7bf05772fdb1fa0bad1522777306b884cf44e08fa8a6bc83df2df6883e7a7.php
No syntax errors detected in ./.tmp/phpstan/cache/PHPStan/4b/b3/4bb3e3ff1a2f8b91ff4d477e4b5b19fed611397aa6c7b27f6480f25fbdac205e.php
No syntax errors detected in ./.tmp/phpstan/cache/PHPStan/99/b4/99b42ba974e426909c9447d54444aa2c08d27b4b83225294a364a5c44e0a53ad.php
No syntax errors detected in ./.tmp/phpstan/cache/PHPStan/99/39/9939e331327c9807bfeaf9422d9fc542b0db9a9ba384426ab74c7c1b86da819b.php
No syntax errors detected in ./.tmp/phpstan/cache/PHPStan/99/c6/99c6f6ef726e733825a5620da91160f98f443c29a7459aa7b7df35428a102e6b.php
No syntax errors detected in ./.tmp/phpstan/cache/PHPStan/99/60/99601a502906ce533676aff961f8542b564438ab6902e4cdeeef61dd59ca1ba9.php
No syntax errors detected in ./.tmp/phpstan/cache/PHPStan/99/2c/992c08965cb6e0d0504880956c31473db0c0364d00a23e1a642c631f8025f4ea.php
No syntax errors detected in ./.tmp/phpstan/cache/PHPStan/34/e3/34e3b3a38f988e68ce72a1c8282335a3662c291a94ce13b7a24acef994a775bf.php
No syntax errors detected in ./.tmp/phpstan/cache/PHPStan/34/7a/347aeb98d946df47928dcb5ab3b3440b792a340f0ab2f10686b64a838b6fe602.php
No syntax errors detected in ./.tmp/phpstan/cache/PHPStan/34/ef/34eff628f9299055a9faa3b9ac9565e26b28394ef0036e45f3102a4539eef88a.php
No syntax errors detected in ./.tmp/phpstan/cache/PHPStan/d2/52/d25216190219f49a493ef610cd4c98899417b170df1070f03b2b37c12664d936.php
No syntax errors detected in ./.tmp/phpstan/cache/PHPStan/d2/25/d2252c480f50a6818aba145afbc4a44ea6644334d0b4da33f3afad86c935e6b0.php
No syntax errors detected in ./.tmp/phpstan/cache/PHPStan/d2/41/d241695fd4acf17810c5f37796256b92b6c5f6f9fa5617b60ec6967ad0ab065e.php
No syntax errors detected in ./.tmp/phpstan/cache/PHPStan/d2/a6/d2a640495ff273e990c61c07bb9a057697e72fe3749afc3ca0b34d4064bc6dcc.php
No syntax errors detected in ./.tmp/phpstan/cache/PHPStan/78/7c/787ccfe0288f72599825c8b53943f991dd81677728e7f722fde31294d720e390.php
No syntax errors detected in ./.tmp/phpstan/cache/PHPStan/78/9b/789bcfff2a7a7a51e3721f0c4060dd3b21d1c066cd4269698bbf6da635fc867c.php
No syntax errors detected in ./.tmp/phpstan/cache/PHPStan/78/8f/788f8cd22f3b58a4793496b4c2adc9984f4dc2bc97a7abf82d20a472c5ef1181.php
No syntax errors detected in ./.tmp/phpstan/cache/PHPStan/78/9f/789ff0d35895d2a09cb6f43e78371b6a13d92b8a3e258727652190961e74e596.php
No syntax errors detected in ./.tmp/phpstan/cache/PHPStan/78/2d/782de7a9159cab3cbd32812244f950f968a0fab7c510b043889b7e9cf0f7e347.php
No syntax errors detected in ./.tmp/phpstan/cache/PHPStan/78/4d/784d1199addda3e4bf3388155049d1885a5011fc62d50f168d5ddf6e65c25033.php
No syntax errors detected in ./.tmp/phpstan/cache/PHPStan/78/a7/78a7df5ccd1de18d80a4dd3930a9dc331e5e6acc9c39926038c1efe42e34d501.php
No syntax errors detected in ./.tmp/phpstan/cache/PHPStan/0f/fb/0ffb3bdc8e698b211a5198a4c3a2e2704969537140e6db4200ffe82df54b22c6.php
No syntax errors detected in ./.tmp/phpstan/cache/PHPStan/0f/8f/0f8fd03c6b5817a05635252eb38fae657e56edeabec81389a4740facd9603cc0.php
No syntax errors detected in ./.tmp/phpstan/cache/PHPStan/0f/23/0f23e966d60a32e4f3a5f3a54c348c6af611f67fa13f2e5aa07229f51a600165.php
No syntax errors detected in ./.tmp/phpstan/cache/PHPStan/0f/c7/0fc70aeb54683d245a33d1c29374fc09354e0c61fa46595272b02e1d41cf5227.php
No syntax errors detected in ./.tmp/phpstan/cache/PHPStan/21/b0/21b0b90245e9ecd5fc0493a4424d9a1e40d77e7650966e2df77b3f2d806e45ce.php
No syntax errors detected in ./.tmp/phpstan/cache/PHPStan/21/23/21239b4633b53b0c86162cc4c785c09be6558d9a1c1627a2c40b5d42aea0bedd.php
No syntax errors detected in ./.tmp/phpstan/cache/PHPStan/b6/14/b614bedd34da13883be89f718146ccb48b286b0b700f7c589df0b8a6c8439b0b.php
No syntax errors detected in ./.tmp/phpstan/cache/PHPStan/b6/1a/b61a7a45d6dbdf3c8367097e0ec5904354b816e29f00fb931039f65bf387cc63.php
No syntax errors detected in ./.tmp/phpstan/cache/PHPStan/b6/6c/b66ce33e3ad11de0a10f9ffb9699d4744be9e83e918861a3178150d494ddc7ec.php
No syntax errors detected in ./.tmp/phpstan/cache/PHPStan/ab/3c/ab3ce5fc4b456b0e303170049a75fba48ae59741ab80cd7ffaec3d131bd9156e.php
No syntax errors detected in ./.tmp/phpstan/cache/PHPStan/ab/71/ab71e8c17a04b9259ff700c38cf804f0fd77bfd2e42e15a126018e02a85084a2.php
No syntax errors detected in ./.tmp/phpstan/cache/PHPStan/f4/5b/f45b5971a46e7a1c833e288fa890fb689e2cf643a286859403a487965d68a15b.php
No syntax errors detected in ./.tmp/phpstan/cache/PHPStan/f4/81/f481c23421b198f6b0cb82eec60da760c20828ee0cafcbaaddd5caa588860494.php
No syntax errors detected in ./.tmp/phpstan/cache/PHPStan/f4/01/f401756c5bae507ef37ad48251dfb74c956657cc1011bc39747aea25527d4e2f.php
No syntax errors detected in ./.tmp/phpstan/cache/PHPStan/f4/65/f4653b906923b3723a1885dec50db62d4149855c8eebf05606d004890a6e0efd.php
No syntax errors detected in ./.tmp/phpstan/cache/PHPStan/e8/27/e827a08571db0bab3260a07dc68027bec7140a295af023534b347b40e29a00b7.php
No syntax errors detected in ./.tmp/phpstan/cache/PHPStan/e8/f7/e8f7d8d22b258ede32b8715f7bd15998049739fa3adfd1e94f4e1ba59a772bd8.php
No syntax errors detected in ./.tmp/phpstan/cache/PHPStan/e8/cd/e8cddcb19a3473aa9933cd3e0320d51881d6c72c914afa2f63de234c8c3a339d.php
No syntax errors detected in ./.tmp/phpstan/cache/PHPStan/26/ff/26ff70010f983fba15cc598fea221e53ff4937558df1f7e99675b8d3e489f815.php
No syntax errors detected in ./.tmp/phpstan/cache/PHPStan/26/32/26323a3d63cd95f52857865e51774f57bd7e369b3d1c3aa1c94afcb11926a487.php
No syntax errors detected in ./.tmp/phpstan/cache/PHPStan/b1/da/b1da04cae7d1da3eaea66f8cfedff3d6d8b96f5433791f21ebdf74e0697b180e.php
No syntax errors detected in ./.tmp/phpstan/cache/PHPStan/b1/36/b136442b41c4affa396b6d6c77d82cbbb7ec34af16381c32c83600fcdf3c5e00.php
No syntax errors detected in ./.tmp/phpstan/cache/PHPStan/b1/41/b14131255eaa38b8650194684cd336185b9f8b42b2dc3441a9f49bc2c3637114.php
No syntax errors detected in ./.tmp/phpstan/cache/PHPStan/b1/23/b123bb0909a3fbb5e4b8fd217cead3dd8e571303a93e7bea772630de32257fa3.php
No syntax errors detected in ./.tmp/phpstan/cache/PHPStan/b1/eb/b1eb5077ea2afe00739728694077402cb9285a293c7548e7ac73e4027b71d5a7.php
No syntax errors detected in ./.tmp/phpstan/cache/PHPStan/a0/1c/a01c2da565bd78d9248bebdfb18d17bba1f8b5edd41136263816331830de4412.php
No syntax errors detected in ./.tmp/phpstan/cache/PHPStan/a0/1a/a01a27c35f1f6c78be01d8cecb9d253ff2958534fe002bc0806dc2b3725296ab.php
No syntax errors detected in ./.tmp/phpstan/cache/PHPStan/a0/0d/a00d8381e10f78b1e2cfd72c982ce46c50480fd49d6d70bdd528acea3ed937f8.php
No syntax errors detected in ./.tmp/phpstan/cache/PHPStan/a0/a6/a0a6857e81a0d20bf20f07825d4941b58df23546c52b7f44722612b0dbd44ae8.php
No syntax errors detected in ./.tmp/phpstan/cache/PHPStan/1b/73/1b7370656b972ead172f1c48f8057def31fa7c3ba826f5f09f85d1d0ebc5f4b1.php
No syntax errors detected in ./.tmp/phpstan/cache/PHPStan/1b/15/1b1546594fcb28bd0779c773b99aef2239822c67a7cab91c0064059efc64375c.php
No syntax errors detected in ./.tmp/phpstan/cache/PHPStan/1b/bc/1bbc2afdd572647c34137bbf24364aafaced3f530e7f1159c9771339bd34553d.php
No syntax errors detected in ./.tmp/phpstan/cache/PHPStan/1b/42/1b422c906842e28b57842fe0c9140fbde26f1ffeb4b6b1f63f66caec9ff3e827.php
No syntax errors detected in ./.tmp/phpstan/cache/PHPStan/1b/fc/1bfcb57ea9d6825a843b05db955c2f95bec2c2d992ec472b2fa578d569c04c8a.php
No syntax errors detected in ./.tmp/phpstan/cache/PHPStan/1b/18/1b189a330b9b0a11f86c9de33691a90a3fa03cea75a90f502609ff6e35689e15.php
No syntax errors detected in ./.tmp/phpstan/cache/PHPStan/e0/4e/e04eab73f2baed3fa1ad00a7a92995cb6be42fb5c03d351d494ade9c90d45789.php
No syntax errors detected in ./.tmp/phpstan/cache/PHPStan/e0/9f/e09f9715f4e5b640f7e27e5f313fa601efc6cb0a4bcfcb76a4a86723fb837e64.php
No syntax errors detected in ./.tmp/phpstan/cache/PHPStan/0c/b0/0cb09ece7975db64cbdf369d117665fdef814b9db761bde16787aad6e1f6cdb6.php
No syntax errors detected in ./.tmp/phpstan/cache/PHPStan/0c/dc/0cdcabd50d1bfff6ac199b811fbee5786e92935eb8cc1bfff3de7839413d1f9c.php
No syntax errors detected in ./.tmp/phpstan/cache/PHPStan/0c/4b/0c4b998024199f57e17012595ba91d92dba28ceb759c4e04c4bbfb58549817f4.php
No syntax errors detected in ./.tmp/phpstan/cache/PHPStan/0c/0f/0c0f66a083b6ece1d3f559ca21c7b5e35deaad55cf79d3827d28b7b6637768e2.php
No syntax errors detected in ./.tmp/phpstan/cache/PHPStan/0c/d9/0cd9550438c7aa9cd93a649ceb7531f097d71455fc919304f01b121f60d0c3a0.php
No syntax errors detected in ./.tmp/phpstan/cache/PHPStan/fa/c5/fac5802dc0691f31477533a3dad14fb79fff5dea8f61762929f2b52bcc637514.php
No syntax errors detected in ./.tmp/phpstan/cache/PHPStan/fa/5f/fa5f622bcdb11f5543291e85dab161c2f1c66c72312d8af2b48b0bca1054cb42.php
No syntax errors detected in ./.tmp/phpstan/cache/PHPStan/fa/e1/fae14b9f8671c158ce1d13b1a653d3302ee11713e1e290ad44d576fdf5088ebe.php
No syntax errors detected in ./.tmp/phpstan/cache/PHPStan/fa/65/fa65a77a756476c9cbf6ff717b60a054a2cf7052abedb15339024de839e49323.php
No syntax errors detected in ./.tmp/phpstan/cache/PHPStan/fa/17/fa17213f99d6a40c97bcb3b85d29e587dbd8148ae734656ee64b0494dae34237.php
No syntax errors detected in ./.tmp/phpstan/cache/PHPStan/5d/39/5d39a3747b426075bfcd99a164b0750ceb1f8e74dde142a87bb9ef92b2342b49.php
No syntax errors detected in ./.tmp/phpstan/cache/PHPStan/5d/ec/5dec8b8e6e1510fafdf9e76b5b9953d6331ea88027fe9be73fd3604e39b014e8.php
No syntax errors detected in ./.tmp/phpstan/cache/PHPStan/1a/56/1a56b14c70972be452595248774024059576ed0dfa5c23c4c53cab6ee7079186.php
No syntax errors detected in ./.tmp/phpstan/cache/PHPStan/1a/2e/1a2ebb40cc0b42f6b984bc5710fb1d74aa759f55e4f61442f202485dfac62613.php
No syntax errors detected in ./.tmp/phpstan/cache/PHPStan/7b/02/7b023b69053c7fbdd330c70a9baad88446bba3b90e7358e9b07d82acf83dd973.php
No syntax errors detected in ./.tmp/phpstan/cache/PHPStan/7b/26/7b269fa04bcc184dbeec059f633d95f0b6e149cbd58a762532691d833cfbb578.php
No syntax errors detected in ./.tmp/phpstan/cache/PHPStan/7b/10/7b10020901832541d41fea6ecd713e9348be1b908ec3c9984bb86945d985ee08.php
No syntax errors detected in ./.tmp/phpstan/cache/PHPStan/7b/38/7b38c37181882c1f17e118f005809416b9b0cc4c124b320e833de9c4a1d3415c.php
No syntax errors detected in ./.tmp/phpstan/cache/PHPStan/7b/59/7b599fc4c1b6ee6ebdb1e53908357fac41bb34357740a57da20cb226165856de.php
No syntax errors detected in ./.tmp/phpstan/cache/PHPStan/43/02/43024fd1239236147fe1ce17c24573a72b394e0cb6a54a736e6d5c454ec04a23.php
No syntax errors detected in ./.tmp/phpstan/cache/PHPStan/43/4e/434e9fbe972a2517bb2dad63398bc3ba13edc747a62667889e5dacd22c52e250.php
No syntax errors detected in ./.tmp/phpstan/cache/PHPStan/43/26/4326aa159b63bb6f6e299e3d7f2a4cf0b89261dbb4bbd58fed03995247991481.php
No syntax errors detected in ./.tmp/phpstan/cache/PHPStan/43/e7/43e71124f97688b12e03c9ba281c6b62567184ab85425ce2bbd3aeeff5c636a6.php
No syntax errors detected in ./.tmp/phpstan/cache/PHPStan/c7/f5/c7f51cb79e005846c53597f0093d317df49586986b5718b8373bef28a8f38f41.php
No syntax errors detected in ./.tmp/phpstan/cache/PHPStan/c7/23/c7236d8a6bd6505a8c051c3bb814455713281be5ab7b8284a7c669a5b322f13a.php
No syntax errors detected in ./.tmp/phpstan/cache/PHPStan/19/d7/19d7a3c21af9681ae5075f7cd25486c4a4de41bfd44c55d20d9288cbc5eb3224.php
No syntax errors detected in ./.tmp/phpstan/cache/PHPStan/19/93/199354ae1e6315ade8d7f1c4e4613dbfd0bd03b7ace5bfa62a393453dce4b98b.php
No syntax errors detected in ./.tmp/phpstan/cache/PHPStan/19/eb/19eb203691076309c727899c668c55d1ccde30cc6c3d1ab44c1571a902cc8b00.php
No syntax errors detected in ./.tmp/phpstan/cache/PHPStan/2b/fb/2bfb652b4f1b7a764076ba8d141b9b4898612b86ec190e23450c3126f4cb7165.php
No syntax errors detected in ./.tmp/phpstan/cache/PHPStan/2b/dc/2bdca85e917e904ccad341efe3a0abd1d829f8fa185d96837b1aea4045b1b40e.php
No syntax errors detected in ./.tmp/phpstan/cache/PHPStan/2b/ea/2bea800f3e10054b58c2771169a3bc2bcb9dcb0c6aedf4a3c07095d30e3564b6.php
No syntax errors detected in ./.tmp/phpstan/cache/PHPStan/2b/0f/2b0f6d4ab0235225557c2137985e05d6dbb8284037309eb929ac8b5c7202c8d6.php
No syntax errors detected in ./.tmp/phpstan/cache/PHPStan/e7/6d/e76df085ce344ba694b3e80d2bafd917077684adf3a667ea684f6afbdb0722a4.php
No syntax errors detected in ./.tmp/phpstan/cache/PHPStan/e7/37/e737cb21bf8de58f3698e5cbbc9b41420e62344d149434966d121d8eef638a16.php
No syntax errors detected in ./.tmp/phpstan/cache/PHPStan/e7/d0/e7d0b622a305334c2066357466200d262204ac18fd07217fcdc647e21f92eb60.php
No syntax errors detected in ./.tmp/phpstan/cache/PHPStan/e7/e5/e7e5de6aedbfdd3ce304d65c5a17e35cce72b5b9c5af8d2a9f38d3616435c75f.php
No syntax errors detected in ./.tmp/phpstan/cache/PHPStan/d3/7d/d37d85bd475a8d2d46bfbcbbda319eec5cf023a3094f84d7d0669f391e1df341.php
No syntax errors detected in ./.tmp/phpstan/cache/PHPStan/d3/29/d329faa4206387b3652ecf79a9ec870c929ba7877cfe8680fb48f9344e521e88.php
No syntax errors detected in ./.tmp/phpstan/cache/PHPStan/d3/04/d3042b5e22cb3178a7b01be803f64188f694270aa023ef898f87ea1f2637c8a3.php
No syntax errors detected in ./.tmp/phpstan/cache/PHPStan/d3/85/d385a4d21c65e47d76cd5a876dd7bb833c1f630314aeb7b82aa006e52b87be9c.php
No syntax errors detected in ./.tmp/phpstan/cache/PHPStan/d3/08/d308a612e878e1430ff218604bdf260e8f239900cb4a563a6918c5a5c4418110.php
No syntax errors detected in ./.tmp/phpstan/cache/PHPStan/5e/71/5e71a38607f2e8cb1d8726ba311564ce0c1c294ae6b424293bbe244a285411a4.php
No syntax errors detected in ./.tmp/phpstan/cache/PHPStan/5e/f9/5ef93c380da9c0691eb52963a4f5f9642fd7db24d837fc0c9d140f8d22f3ac42.php
No syntax errors detected in ./.tmp/phpstan/cache/PHPStan/5e/65/5e65d2be35c2f5cf5bd1c9ea2d79ea1de0dc0f724978879fd4c20e5958da62f9.php
No syntax errors detected in ./.tmp/phpstan/cache/PHPStan/fc/a5/fca5da95d3824b83da89a26fca77f314aa2888164b22b57ebd55be12e9949ab4.php
No syntax errors detected in ./.tmp/phpstan/cache/PHPStan/fc/0e/fc0e46d7944317bc8094ff8485100feeee62a5529ef115d68d63748ae81dc7c7.php
No syntax errors detected in ./.tmp/phpstan/cache/PHPStan/fc/6f/fc6fc07ea5af0acfb23dc2ac557d969b6cff27c957512e193cedc429db83b34c.php
No syntax errors detected in ./.tmp/phpstan/cache/PHPStan/d9/42/d942b29e0f34a0f68ce6b3f86a2fd22f3fa4851702c78208aa0b8a830e769948.php
No syntax errors detected in ./.tmp/phpstan/cache/PHPStan/d9/d0/d9d011620e21b91e28ba5cf4c6d3e4e3450bf5d537a59833a2b3ebc85a08f4be.php
No syntax errors detected in ./.tmp/phpstan/cache/PHPStan/d9/b2/d9b242296c21c7f5ff807aa233971838e0940a69839abe202cadfb2708f8dddf.php
No syntax errors detected in ./.tmp/phpstan/cache/PHPStan/6c/c9/6cc9ebfb6d893276c6426ce4f997b4eb58fa11960693fd4095e93195701a7769.php
No syntax errors detected in ./.tmp/phpstan/cache/PHPStan/6c/d5/6cd58aa6edb94d27048aa0c7849a6f12f983abad4319a6b0e2a1e1e3d70edb25.php
No syntax errors detected in ./.tmp/phpstan/cache/PHPStan/6c/a7/6ca7ed8e5733d3748047d97c09c146ae827435caaddc5b1fef2e8b0e28cd55c1.php
No syntax errors detected in ./.tmp/phpstan/cache/PHPStan/63/67/6367048b9ee333f79fb0ff3c0e62743fe27e942b3a3496c463385e2e2d7699f1.php
No syntax errors detected in ./.tmp/phpstan/cache/PHPStan/c0/46/c0464167025371a80c58b89c7593cad4b997bf2ec1a6c1f00ccb9fc3a73ead5c.php
No syntax errors detected in ./.tmp/phpstan/cache/PHPStan/c0/cb/c0cb6718d0fff6928d5528a2d168852c7f99da528ca0c50c3b330c060a01f0c2.php
No syntax errors detected in ./.tmp/phpstan/cache/PHPStan/c0/0d/c00db168953ceb78f14e3900ea85d5bbfa450a5f22414a18a3abe92ecb782ab3.php
No syntax errors detected in ./.tmp/phpstan/cache/PHPStan/c0/31/c031767f10a1dfc290ff3952db88cfb3bbc075a220498cbb2b155fb73c24adb1.php
No syntax errors detected in ./.tmp/phpstan/cache/PHPStan/eb/6b/eb6b8b5a44494204d3ea076cf5a883ca66bc516ffa95a023be8e0b1fbd56bddc.php
No syntax errors detected in ./.tmp/phpstan/cache/PHPStan/eb/64/eb64580c6de1f16f537f5ee82d2c40fb1796cee9572ce283277a1f67c5cbce68.php
No syntax errors detected in ./.tmp/phpstan/cache/PHPStan/eb/11/eb1101f56e1d08a5f6e14460c82a815f5e3221ce37a4c13c77298cc86e78e1e5.php
No syntax errors detected in ./.tmp/phpstan/cache/PHPStan/eb/f4/ebf49d3d88aa67552eef0a14c18468ee59ec61477dd3bcb8b5ad26e9d5144f22.php
No syntax errors detected in ./.tmp/phpstan/cache/PHPStan/84/20/8420a466c1cfbb2444e8f2e5a140c6dd5da0905e53bc352d50725391a67d4f1a.php
No syntax errors detected in ./.tmp/phpstan/cache/PHPStan/0d/4c/0d4c9cf4a8f1354a803cf8ad104174a307ee99b5ba9224e2144277239d54dcf9.php
No syntax errors detected in ./.tmp/phpstan/cache/PHPStan/0d/f8/0df892789ca115c9f3856222495e59e14a2d68255311fcc59ec89de4e20fce65.php
No syntax errors detected in ./.tmp/phpstan/cache/PHPStan/0d/f8/0df84247008ce52b4772ba366e099048bca3e1d472f18ced73feeef8fc4edb77.php
No syntax errors detected in ./.tmp/phpstan/cache/PHPStan/0d/77/0d770fe666d01c8659d3af0531f14f143b66db87be567812e8ca9116d80fc8de.php
No syntax errors detected in ./.tmp/phpstan/cache/PHPStan/0d/e9/0de99cd51879e25292c62310daa6d379b81ca7b1427d4126dbf4b4dab79f23d9.php
No syntax errors detected in ./.tmp/phpstan/cache/PHPStan/e6/14/e614b22029f7a51b6e8b032f51105eef55c634b244ab6fff280e6d45250a917e.php
No syntax errors detected in ./.tmp/phpstan/cache/PHPStan/e6/05/e6058b5a498eefe790abc3cc3d98127b41d2b501d8833375bb47a70dcf615eb5.php
No syntax errors detected in ./.tmp/phpstan/cache/PHPStan/31/33/3133a2faf399828e4275d4032430b901904ed1d040a6055ac726a97dd7c4c5f5.php
No syntax errors detected in ./.tmp/phpstan/cache/PHPStan/31/91/3191c31f79ecdb3539669a056028142a2f08765d71e5e8347e915c5ed8fd1a13.php
No syntax errors detected in ./.tmp/phpstan/cache/PHPStan/97/06/9706552e26780c95035ec8cf7e6083c55cb2016a36acd01144619cfc491b8aef.php
No syntax errors detected in ./.tmp/phpstan/cache/PHPStan/97/4c/974c3563a606658b1cd08c2152b99f0121aa74ffbe964becb742f7479aa5ef97.php
No syntax errors detected in ./.tmp/phpstan/cache/PHPStan/97/a4/97a452e0238c47f3ccf1162b5814fe5cd9c6d8e6c3f7f0b2a94f4632725d429c.php
No syntax errors detected in ./.tmp/phpstan/cache/PHPStan/97/83/9783356dc25947e1be0ec77358ac4df66022960a7998e79f0369b168a8075251.php
No syntax errors detected in ./.tmp/phpstan/cache/PHPStan/10/f8/10f813dc74b3fb16a4a0e7547cae3ae0fc9ffebfaef2d9853790a180fa292ea3.php
No syntax errors detected in ./.tmp/phpstan/cache/PHPStan/10/ac/10ac8ecc041517c8872fad19a397eb6fc53f51eccc1f01a4c0fafcf29f73f04b.php
No syntax errors detected in ./.tmp/phpstan/cache/PHPStan/10/d9/10d992a396b45d06184de637d350c168c97078e29d4f37cb0989de0a335efd02.php
No syntax errors detected in ./.tmp/phpstan/cache/PHPStan/10/6e/106ed8e10e43aae93c561b1be6886284036a00e50ca062b2b885957fd674d33d.php
No syntax errors detected in ./.tmp/phpstan/cache/PHPStan/65/97/6597aa216b691389b4cc4efda546c14da08d94bb7797112f95fe20482f9ad55d.php
No syntax errors detected in ./.tmp/phpstan/cache/PHPStan/f1/bd/f1bd34eac30fcbd3b34440e1fd3dcee94c317d1185fe31456a606924d0f32384.php
No syntax errors detected in ./.tmp/phpstan/cache/PHPStan/f1/db/f1db28def4ce128eeef7ea5b727f4472610addef26518d837e9a0ef6dc5e0f33.php
No syntax errors detected in ./.tmp/phpstan/cache/PHPStan/f1/6f/f16f5bc7e4c2d2afe61a1552a5e36629656ccad0f69cc93a297a8ad228461eae.php
No syntax errors detected in ./.tmp/phpstan/cache/PHPStan/f1/19/f1193b0d296d960681f4a540b66cffac1f6399a19b098e560ebb865f81f7aca1.php
No syntax errors detected in ./.tmp/phpstan/cache/PHPStan/e5/6b/e56b90c30058e3340a54ad71f3fbe5b6043cda4f81dd26996e1893ef974ae49a.php
No syntax errors detected in ./.tmp/phpstan/cache/PHPStan/e5/db/e5dbe439b8ea71a18689eb6a5c46b883cb7a3445ffa503a9aa92699ec14aeee9.php
No syntax errors detected in ./.tmp/phpstan/cache/PHPStan/e5/71/e5715e4c2803b6a3f9b5058efb8df2d6b1f8eef7a193a3ea1448df97dc56069c.php
No syntax errors detected in ./.tmp/phpstan/cache/PHPStan/e5/2c/e52cfa69f11c747cbc25668b81987282e0fe57b1073d6c7a330658d2eb3386e1.php
No syntax errors detected in ./.tmp/phpstan/cache/PHPStan/d4/be/d4beb660924009d99ed02ab87d492a495ac53091b679b02db1a543afeecc36c5.php
No syntax errors detected in ./.tmp/phpstan/cache/PHPStan/d4/7f/d47fa1679972c9c1d4a2f67af2fae57c3dc5a316edf9aa326a16ad5878939503.php
No syntax errors detected in ./.tmp/phpstan/cache/PHPStan/d4/9f/d49f371dc803ccc3d409460d9d058cd601a8172f805766c71a00091157fbce8a.php
No syntax errors detected in ./.tmp/phpstan/cache/PHPStan/d4/92/d49203da406f916fe3757dd85a5209c203dca54e4733e1083dc12857cbe9e4b4.php
No syntax errors detected in ./.tmp/phpstan/cache/PHPStan/d4/ec/d4ec27a229b4496e32b7b8a14c4bb308652ea9e511cac108d3713e0fd81c4cc1.php
No syntax errors detected in ./.tmp/phpstan/cache/PHPStan/d4/ea/d4eae78f4859f3675ce58cba115e40acd66eae741cd67031876a8e24eac2e139.php
No syntax errors detected in ./.tmp/phpstan/cache/PHPStan/d4/69/d469c5ddc5b9cfca1dbd3c82949a01011f50e59a06b37fe0e7492ea0d7f6d42e.php
No syntax errors detected in ./.tmp/phpstan/cache/PHPStan/83/8b/838b179cf9d7e5a6b5c7fe75b28b9aa23f3eed8b9424163ccee29f21895df331.php
No syntax errors detected in ./.tmp/phpstan/cache/PHPStan/83/9a/839a826474130b8f4ebcfb1ddf2609b646a2b3503eed1032e94185416141e3a7.php
No syntax errors detected in ./.tmp/phpstan/cache/PHPStan/83/93/83934d0bf34fae907691518aa5e0de56188e729286839078831fe1222deb0531.php
No syntax errors detected in ./.tmp/phpstan/cache/PHPStan/54/56/54566b7aaca8c1ce230f5c6b47cb40139b8b194f29e8b4ca52b73e4ad5664076.php
No syntax errors detected in ./.tmp/phpstan/cache/PHPStan/54/78/547835cd6ecb870c219bec03c3b79a36125e29829562ca041f6352b7cb45bf36.php
No syntax errors detected in ./.tmp/phpstan/cache/PHPStan/54/b3/54b3923d5c5c3f8bad403f07d6809397f8c003631a0565d02e669d0e3a13768e.php
No syntax errors detected in ./.tmp/phpstan/cache/PHPStan/68/4a/684a7231d4d30858fad8051204b406cf8db7acf33c15571e863110f715e25c34.php
No syntax errors detected in ./.tmp/phpstan/cache/PHPStan/68/4d/684d58611d1c37b49a4440c0e874889bf2ce09e3bd4c650b0ee496ec90bf1db8.php
No syntax errors detected in ./.tmp/phpstan/cache/PHPStan/68/72/6872888004139cc391c369822a2c044d3d7b55865812e6761dfbc1bfa1833646.php
No syntax errors detected in ./.tmp/phpstan/cache/PHPStan/68/c7/68c74638881782159b1cea06aa70abfef2f31bdd2c9102d01087d31554f08bd0.php
No syntax errors detected in ./.tmp/phpstan/cache/PHPStan/68/fc/68fc66b3873d1fff7d62041398d6defa57f6a8b37d4549e367f6211b2e4abdad.php
No syntax errors detected in ./.tmp/phpstan/cache/PHPStan/68/84/6884eba300199acd2a5458ce357a856cca9f94a0fe66c155dccea48f7b215499.php
No syntax errors detected in ./.tmp/phpstan/cache/PHPStan/68/18/681826214aac2803c1b0c7089fb0421ee284bcf14327ce131e510e8f03391328.php
No syntax errors detected in ./.tmp/phpstan/cache/PHPStan/c8/f5/c8f5f7ee37886e9289e354d93df4fb38f5ce920fd2683f2c6efb5dc34637f88e.php
No syntax errors detected in ./.tmp/phpstan/cache/PHPStan/c8/5b/c85bb62ddbfa26007cd53edc43c7c092f9858232eff0c47f2b8ec56126524f9f.php
No syntax errors detected in ./.tmp/phpstan/cache/PHPStan/c8/32/c8325f2806c0f646700634ea79727b44810fabfb6d5391a2072fe635647c37fd.php
No syntax errors detected in ./.tmp/phpstan/cache/PHPStan/c8/b6/c8b688502777fd811472c1918c1ff8024da7a2770cc7ca5ca51c96ab84760488.php
No syntax errors detected in ./.tmp/phpstan/cache/PHPStan/dd/7d/dd7d96a7ac001b5abe298c38c96c26203d0915fd46b85ad4fce943cd50cd4e18.php
No syntax errors detected in ./.tmp/phpstan/cache/PHPStan/dd/fe/ddfeb10adce59a8d6befa006575270f9f5a2494ece51d47c1b1b1671b539b5c2.php
No syntax errors detected in ./.tmp/phpstan/cache/PHPStan/dd/4e/dd4ec71371f347ba07a1d7f0595e61d05eeb4a5aff5f4d3462a283ed3a8a723c.php
No syntax errors detected in ./.tmp/phpstan/cache/PHPStan/dd/9f/dd9f79eee0a86f1eec522bdd33a617447dfa66f9168516c6fe377fda281106e9.php
No syntax errors detected in ./.tmp/phpstan/cache/PHPStan/75/6a/756af9d2b8b9129f0b7d481be45ff1c59c7279179a3ea0d4d988cf72cc8e7a98.php
No syntax errors detected in ./.tmp/phpstan/cache/PHPStan/75/61/75616290528ba06f812602d5a97e67e1c77dc158a5f97a26c029b61f339b1867.php
No syntax errors detected in ./.tmp/phpstan/cache/PHPStan/75/05/7505131bbdd1aba7ea59c4d2ccf3309affbc17fe3d1d0194e6bdd611ee4344d8.php
No syntax errors detected in ./.tmp/phpstan/cache/PHPStan/75/43/7543346a01b5937a02a810a976c7cbcfa2dfd2d4c38cd7c3510b6c8e536218e4.php
No syntax errors detected in ./.tmp/phpstan/cache/PHPStan/2c/52/2c52090c3ee3cbbc8f2a2ad0c0fdbde6f4359578e4cfd9546c808a1ff6680c8a.php
No syntax errors detected in ./.tmp/phpstan/cache/PHPStan/2c/c9/2cc9b3d13d631948fdfbec9e608962341f67b991315f3a119080b50408e35165.php
No syntax errors detected in ./.tmp/phpstan/cache/PHPStan/2c/1e/2c1ed67a32507e5b3d8966b277dcfefae10ca2f8d044bbb606aa9bfc2ca42c34.php
No syntax errors detected in ./.tmp/phpstan/cache/PHPStan/2c/d2/2cd26e8dd2957ff37326c5b5e23a092cecf928b4d97952e19cf147fa664e2038.php
No syntax errors detected in ./.tmp/phpstan/cache/PHPStan/38/80/3880f851e6ad30d6d4dc2eff7cf4100061ecd4dba7b56dda23ddf7f45e1588a8.php
No syntax errors detected in ./.tmp/phpstan/cache/PHPStan/17/91/1791a354e4ebe6671427ba607ec04d4d66c6c1997dd532d9155ebaaac47f8f72.php
No syntax errors detected in ./.tmp/phpstan/cache/PHPStan/17/34/17343c2aff8d3a1188553a9977438a7209ccf60a7ab37cf41e658bb7e9e12153.php
No syntax errors detected in ./.tmp/phpstan/cache/PHPStan/17/e5/17e56a05507b3220c5a3b0cff4eeaeee0f624240b0a8f74f42908269779b91bf.php
No syntax errors detected in ./.tmp/phpstan/cache/PHPStan/17/38/1738d5c20bed9cd2042905a5de67aecc476bb527a84bb539fade201dd7c686eb.php
No syntax errors detected in ./.tmp/phpstan/cache/PHPStan/a6/35/a6358c3f719d2b60d77b910ffe5926fb7ea69641c367acb8b4e74330ba5b4b1a.php
No syntax errors detected in ./.tmp/phpstan/cache/PHPStan/a6/1e/a61e444716622883e1ca513d5dd04095b4e9489e66c907f2de2683c85f70dbb5.php
No syntax errors detected in ./.tmp/phpstan/cache/PHPStan/a6/91/a6918f0d4bc5f4cd05ecb5b19e370ccfc8a8cdbe849b26a362bccca2f795ae2e.php
No syntax errors detected in ./.tmp/phpstan/cache/PHPStan/a6/ae/a6ae44de2e2b09643c99a453a9173b01e2877a6c6d1dec47886c96a95f4eb73a.php
No syntax errors detected in ./.tmp/phpstan/cache/PHPStan/c2/6b/c26bc91dfd7536bb9ffff8bad44724a86f1a4bab37a08dd9f15a958fa4e36e66.php
No syntax errors detected in ./.tmp/phpstan/cache/PHPStan/c2/e8/c2e84e190b4c7fba5affc107f930f1bb1c5f48aa81444d082afc85c2aecf5b34.php
No syntax errors detected in ./.tmp/phpstan/cache/PHPStan/22/82/2282090f3c5cc5daf0d645aceddb14c1e11bcc219adfa57a30047ead8101c1d0.php
No syntax errors detected in ./.tmp/phpstan/cache/PHPStan/22/7f/227f3663757dcc5b7a2dd82fe9454c3213b96de61dfc6ed4dd516db99e726200.php
No syntax errors detected in ./.tmp/phpstan/cache/PHPStan/22/35/22353baf8c7d1fe3fdc8e27d9e2c1c5aa2a10e8b2ff55891b220d64fd11eef5e.php
No syntax errors detected in ./.tmp/phpstan/cache/PHPStan/22/79/22796570a3d67ffae9decf7c068125aabbe0e19476c7a0016d917b037f7c0f30.php
No syntax errors detected in ./.tmp/phpstan/cache/PHPStan/22/14/221491ee7bbb9d4fdc29cec2cbbab39bbb5c6c115e07373b763d83ae1307c2ee.php
No syntax errors detected in ./.tmp/phpstan/cache/PHPStan/22/f4/22f457182606773b1ff086be2d1cd45637d6726974a4ad99b242257ff78da5c0.php
No syntax errors detected in ./.tmp/phpstan/cache/PHPStan/c1/88/c18882c989b441f2d94e5a06ba3295b11233bf6c99181850457b8b22cba1278e.php
No syntax errors detected in ./.tmp/phpstan/cache/PHPStan/b3/89/b389f241a4a2cbf0ba3a24c98ad17b358e3a1a82317fe6788da5a13995e6f2ed.php
No syntax errors detected in ./.tmp/phpstan/cache/PHPStan/b3/3c/b33c16b3c6433b7525273ae1a48b411e06bb0a9376231332df6d5daffd937c92.php
No syntax errors detected in ./.tmp/phpstan/cache/PHPStan/b3/cd/b3cdd5fd887c530ee3b3d0ef1f0a52ea2590e78f454454222bd387bf8f40494f.php
No syntax errors detected in ./.tmp/phpstan/cache/PHPStan/b3/c4/b3c47ce8db1b7f2215229a95ce1129ef9d9657bf81d2c221abe098bb18b05667.php
No syntax errors detected in ./.tmp/phpstan/cache/PHPStan/b3/2b/b32b18a716345745198b3a0ae3a7187040a6862322a47225c0b165db2a5cdb8b.php
No syntax errors detected in ./.tmp/phpstan/cache/PHPStan/b3/75/b375cc09ae0e417b634c83dbb0f3907ea0c14ba3893be6bfbc686b61d5a3b24d.php
No syntax errors detected in ./.tmp/phpstan/cache/PHPStan/95/24/9524e2945e5f9758474c52254e06bf87baabc983fe87c20a62ff417e0279c1ae.php
No syntax errors detected in ./.tmp/phpstan/cache/PHPStan/95/ff/95ff7a98c47f19d4bb6c0089bfe756f373e9b90aa1dd0b855ae07d2341f5020d.php
No syntax errors detected in ./.tmp/phpstan/cache/PHPStan/95/b5/95b5167040c0dc36f883c0d3ca8168e91430b298748b733261ad392627f562a6.php
No syntax errors detected in ./.tmp/phpstan/cache/PHPStan/95/c1/95c1b9f544dfd8d0f13b6d2a77916c328d63069c8c13df190e3f801b93c188f4.php
No syntax errors detected in ./.tmp/phpstan/cache/PHPStan/18/3f/183ff9d4a2951dec021811621810d6646da0a41781b3b216689cbf085b47325a.php
No syntax errors detected in ./.tmp/phpstan/cache/PHPStan/62/ad/62ad6723a74102f0624fa296a7d4c72fcef51669d0ec957e66ce11c6e1b5d6c3.php
No syntax errors detected in ./.tmp/phpstan/cache/PHPStan/62/d8/62d8b5292905b4c958068cfb716d207338bf4df1ee8dfb173210aa224f8df89e.php
No syntax errors detected in ./.tmp/phpstan/cache/PHPStan/62/84/6284a859dab68de237a21b39ee872f908e10970d1c7581935a66c18f196a2f28.php
No syntax errors detected in ./.tmp/phpstan/cache/PHPStan/62/a6/62a681e507b9028401a85c9410f21ae6dc41d1dd341c4837f904ae3ac49e3d43.php
No syntax errors detected in ./.tmp/phpstan/cache/PHPStan/59/c5/59c5a5758c0c84b50b46eb83e270ddc9ccb38369862b43af71f93f20c06eca1a.php
No syntax errors detected in ./.tmp/phpstan/cache/PHPStan/59/64/5964484fec2555a0f9b68c6718471e00ae185242bfbe81486dd43f981bc8ecb2.php
No syntax errors detected in ./.tmp/phpstan/cache/PHPStan/59/89/59892db783c9eef8f7e74bb75bfda140f9da701052428691c0ff2dc9e47f9081.php
No syntax errors detected in ./.tmp/phpstan/cache/PHPStan/59/f4/59f49ad17d0925bf581b61f87dfb32c7303a15b001484b9ce63db682b26d2660.php
No syntax errors detected in ./.tmp/phpstan/cache/PHPStan/59/e0/59e019e53f6698dec36b42c7760816ff032c84aced0579d23aad27e95e642184.php
No syntax errors detected in ./.tmp/phpstan/cache/PHPStan/59/6c/596c6f0bcf9728d0e359197e40d344855705e6f9ca0c2bf36bbdc21f91fbfe2c.php
No syntax errors detected in ./.tmp/phpstan/cache/PHPStan/59/95/5995343e03c9ac3d6647efa8afb8971c99ec69b9981f06120a5080ad0ed675cf.php
No syntax errors detected in ./.tmp/phpstan/cache/PHPStan/b7/27/b72777b4a8b70ea96c529e09a2c82b40d3cd2bbdeb93b3ab34005aa2568b16c5.php
No syntax errors detected in ./.tmp/phpstan/cache/PHPStan/b7/f4/b7f44b847499e5fd572d2a896237d7093bc56c7ec41ef9fede863d3426b6debd.php
No syntax errors detected in ./.tmp/phpstan/cache/PHPStan/6e/fb/6efbb4c66a4c729e7c9ace326131c34af4a666affc50620e20f6c02b996260ff.php
No syntax errors detected in ./.tmp/phpstan/cache/PHPStan/6e/6a/6e6a8bd55f0927039c2db7f9cf98f6aef75513ce6bdca083560ef447c8020e29.php
No syntax errors detected in ./.tmp/phpstan/cache/PHPStan/6e/d5/6ed52782beaa538b60240d94cba70f48f8ed1bc29c2948f96429ab6b5e31e5c3.php
No syntax errors detected in ./.tmp/phpstan/cache/PHPStan/6e/7e/6e7e0c5d614f554a75b6137489a5b40858491fa3271c974eb24bf62a29e68ad7.php
No syntax errors detected in ./.tmp/phpstan/cache/PHPStan/6e/1a/6e1a92d08fa2e823500b641dd72c00e57c96a293fc3412c98124e1f0d3d30daa.php
No syntax errors detected in ./.tmp/phpstan/cache/PHPStan/6e/2f/6e2fabaabf8be10b6f52de7c798927b1ff54f44aa8df5c53e644679cf92611c0.php
No syntax errors detected in ./.tmp/phpstan/cache/PHPStan/b9/53/b953076d9f3d2b386d1539d891689e515670a1697630ff8933ecd73406a6d4bd.php
No syntax errors detected in ./.tmp/phpstan/cache/PHPStan/b9/cf/b9cf34f2424fc4a5ba276b4bca72154dd273052d433a5ec6dd76f4583c173ef3.php
No syntax errors detected in ./.tmp/phpstan/cache/PHPStan/e9/f5/e9f5507480ded448901e80ff05c6bd7dd2a550e395b5a7fe794fb00838f0a969.php
No syntax errors detected in ./.tmp/phpstan/cache/PHPStan/e9/24/e924682ca4caa01e401398e961efe9a8c80abb1680f4b267b86b32f5ddae5317.php
No syntax errors detected in ./.tmp/phpstan/cache/PHPStan/e9/0b/e90bb6a99e399665d35d2ad10ea19520475a24db7dd4204feaafa82b800d1210.php
No syntax errors detected in ./.tmp/phpstan/cache/PHPStan/e9/c6/e9c6c54d8230d1408afa263011c7f8322db6eaaf55a4d0ef42d739d473b1ff80.php
No syntax errors detected in ./.tmp/phpstan/cache/PHPStan/2f/cb/2fcb88db48f77291e20043b60e46270c0fa636da0649f2d2fbecc7fc41082f70.php
No syntax errors detected in ./phpstan-bootstrap.php

=== phpcs ===
..[33mW[0m[33mW[0m[33mW[0m.......[33mW[0m[33mW[0m[33mW[0m[33mW[0m[33mW[0m...[33mW[0m.[33mW[0m....[33mW[0m.[33mW[0m[33mW[0m............................. 60 / 66 (91%)
..[33mW[0m...                                                       66 / 66 (100%)



[1mFILE: ...benlinde/memcap-work/lq-lanes/pq-guard/lib/Controller/HealthController.php[0m
--------------------------------------------------------------------------------
[1mFOUND 0 ERRORS AND 1 WARNING AFFECTING 1 LINE[0m
--------------------------------------------------------------------------------
 51 | [33mWARNING[0m | Class HealthController is missing @spec PHPDoc tag — link
    |         | back to openspec/specs/{capability}/spec.md#requirement-{slug},
    |         | not a change dir
--------------------------------------------------------------------------------


[1mFILE: ...nlinde/memcap-work/lq-lanes/pq-guard/lib/Controller/SettingsController.php[0m
--------------------------------------------------------------------------------
[1mFOUND 0 ERRORS AND 1 WARNING AFFECTING 1 LINE[0m
--------------------------------------------------------------------------------
 37 | [33mWARNING[0m | Class SettingsController is missing @spec PHPDoc tag — link
    |         | back to openspec/specs/{capability}/spec.md#requirement-{slug},
    |         | not a change dir
--------------------------------------------------------------------------------


[1mFILE: ...inde/memcap-work/lq-lanes/pq-guard/lib/Event/PortalReportRevealedEvent.php[0m
--------------------------------------------------------------------------------
[1mFOUND 0 ERRORS AND 6 WARNINGS AFFECTING 6 LINES[0m
--------------------------------------------------------------------------------
  73 | [33mWARNING[0m | Public method PortalReportRevealedEvent::getReportId() is
     |         | missing @spec PHPDoc tag — link back to
     |         | openspec/specs/{capability}/spec.md#requirement-{slug}
  82 | [33mWARNING[0m | Public method PortalReportRevealedEvent::getRequestedBy() is
     |         | missing @spec PHPDoc tag — link back to
     |         | openspec/specs/{capability}/spec.md#requirement-{slug}
  91 | [33mWARNING[0m | Public method PortalReportRevealedEvent::getCustodian() is
     |         | missing @spec PHPDoc tag — link back to
     |         | openspec/specs/{capability}/spec.md#requirement-{slug}
 100 | [33mWARNING[0m | Public method PortalReportRevealedEvent::getMotivation() is
     |         | missing @spec PHPDoc tag — link back to
     |         | openspec/specs/{capability}/spec.md#requirement-{slug}
 109 | [33mWARNING[0m | Public method PortalReportRevealedEvent::getRevealedFields()
     |         | is missing @spec PHPDoc tag — link back to
     |         | openspec/specs/{capability}/spec.md#requirement-{slug}
 118 | [33mWARNING[0m | Public method PortalReportRevealedEvent::getOccurredAt() is
     |         | missing @spec PHPDoc tag — link back to
     |         | openspec/specs/{capability}/spec.md#requirement-{slug}
--------------------------------------------------------------------------------


[1mFILE: .../rubenlinde/memcap-work/lq-lanes/pq-guard/lib/Controller/WooController.php[0m
--------------------------------------------------------------------------------
[1mFOUND 0 ERRORS AND 3 WARNINGS AFFECTING 3 LINES[0m
--------------------------------------------------------------------------------
 41 | [33mWARNING[0m | Class WooController is missing @spec PHPDoc tag — link back
    |         | to openspec/specs/{capability}/spec.md#requirement-{slug}, not
    |         | a change dir
 81 | [33mWARNING[0m | Public method WooController::serve() is missing @spec PHPDoc
    |         | tag — link back to
    |         | openspec/specs/{capability}/spec.md#requirement-{slug}
 96 | [33mWARNING[0m | Public method WooController::servePath() is missing @spec
    |         | PHPDoc tag — link back to
    |         | openspec/specs/{capability}/spec.md#requirement-{slug}
--------------------------------------------------------------------------------


[1mFILE: ...rubenlinde/memcap-work/lq-lanes/pq-guard/lib/Repair/InitializeSettings.php[0m
--------------------------------------------------------------------------------
[1mFOUND 0 ERRORS AND 2 WARNINGS AFFECTING 2 LINES[0m
--------------------------------------------------------------------------------
 43 | [33mWARNING[0m | Class InitializeSettings is missing @spec PHPDoc tag — link
    |         | back to openspec/specs/{capability}/spec.md#requirement-{slug},
    |         | not a change dir
 72 | [33mWARNING[0m | Public method InitializeSettings::getName() is missing @spec
    |         | PHPDoc tag — link back to
    |         | openspec/specs/{capability}/spec.md#requirement-{slug}
--------------------------------------------------------------------------------


[1mFILE: ...de/memcap-work/lq-lanes/pq-guard/lib/Event/PortalClientWithdrawalEvent.php[0m
--------------------------------------------------------------------------------
[1mFOUND 0 ERRORS AND 8 WARNINGS AFFECTING 8 LINES[0m
--------------------------------------------------------------------------------
  77 | [33mWARNING[0m | Public method PortalClientWithdrawalEvent::getRegister() is
     |         | missing @spec PHPDoc tag — link back to
     |         | openspec/specs/{capability}/spec.md#requirement-{slug}
  86 | [33mWARNING[0m | Public method PortalClientWithdrawalEvent::getSchema() is
     |         | missing @spec PHPDoc tag — link back to
     |         | openspec/specs/{capability}/spec.md#requirement-{slug}
  95 | [33mWARNING[0m | Public method PortalClientWithdrawalEvent::getCaseId() is
     |         | missing @spec PHPDoc tag — link back to
     |         | openspec/specs/{capability}/spec.md#requirement-{slug}
 104 | [33mWARNING[0m | Public method PortalClientWithdrawalEvent::getStatus() is
     |         | missing @spec PHPDoc tag — link back to
     |         | openspec/specs/{capability}/spec.md#requirement-{slug}
 113 | [33mWARNING[0m | Public method PortalClientWithdrawalEvent::getReason() is
     |         | missing @spec PHPDoc tag — link back to
     |         | openspec/specs/{capability}/spec.md#requirement-{slug}
 122 | [33mWARNING[0m | Public method PortalClientWithdrawalEvent::getIdentity() is
     |         | missing @spec PHPDoc tag — link back to
     |         | openspec/specs/{capability}/spec.md#requirement-{slug}
 131 | [33mWARNING[0m | Public method PortalClientWithdrawalEvent::getMandate() is
     |         | missing @spec PHPDoc tag — link back to
     |         | openspec/specs/{capability}/spec.md#requirement-{slug}
 140 | [33mWARNING[0m | Public method PortalClientWithdrawalEvent::getOccurredAt() is
     |         | missing @spec PHPDoc tag — link back to
     |         | openspec/specs/{capability}/spec.md#requirement-{slug}
--------------------------------------------------------------------------------


[1mFILE: ...-work/lq-lanes/pq-guard/lib/Event/PortalAccountProvisionRequestedEvent.php[0m
--------------------------------------------------------------------------------
[1mFOUND 0 ERRORS AND 13 WARNINGS AFFECTING 13 LINES[0m
--------------------------------------------------------------------------------
  97 | [33mWARNING[0m | Public method PortalAccountProvisionRequestedEvent::getAppId()
     |         | is missing @spec PHPDoc tag — link back to
     |         | openspec/specs/{capability}/spec.md#requirement-{slug}
 106 | [33mWARNING[0m | Public method
     |         | PortalAccountProvisionRequestedEvent::getAudience() is missing
     |         | @spec PHPDoc tag — link back to
     |         | openspec/specs/{capability}/spec.md#requirement-{slug}
 115 | [33mWARNING[0m | Public method
     |         | PortalAccountProvisionRequestedEvent::getOrganisation() is
     |         | missing @spec PHPDoc tag — link back to
     |         | openspec/specs/{capability}/spec.md#requirement-{slug}
 124 | [33mWARNING[0m | Public method
     |         | PortalAccountProvisionRequestedEvent::getIdentityType() is
     |         | missing @spec PHPDoc tag — link back to
     |         | openspec/specs/{capability}/spec.md#requirement-{slug}
 133 | [33mWARNING[0m | Public method
     |         | PortalAccountProvisionRequestedEvent::getIdentityRef() is
     |         | missing @spec PHPDoc tag — link back to
     |         | openspec/specs/{capability}/spec.md#requirement-{slug}
 142 | [33mWARNING[0m | Public method PortalAccountProvisionRequestedEvent::getEmail()
     |         | is missing @spec PHPDoc tag — link back to
     |         | openspec/specs/{capability}/spec.md#requirement-{slug}
 151 | [33mWARNING[0m | Public method
     |         | PortalAccountProvisionRequestedEvent::isVerifiedEmail() is
     |         | missing @spec PHPDoc tag — link back to
     |         | openspec/specs/{capability}/spec.md#requirement-{slug}
 160 | [33mWARNING[0m | Public method
     |         | PortalAccountProvisionRequestedEvent::getDisplayName() is
     |         | missing @spec PHPDoc tag — link back to
     |         | openspec/specs/{capability}/spec.md#requirement-{slug}
 172 | [33mWARNING[0m | Public method PortalAccountProvisionRequestedEvent::answer()
     |         | is missing @spec PHPDoc tag — link back to
     |         | openspec/specs/{capability}/spec.md#requirement-{slug}
 185 | [33mWARNING[0m | Public method PortalAccountProvisionRequestedEvent::refuse()
     |         | is missing @spec PHPDoc tag — link back to
     |         | openspec/specs/{capability}/spec.md#requirement-{slug}
 196 | [33mWARNING[0m | Public method
     |         | PortalAccountProvisionRequestedEvent::getSubjectRef() is
     |         | missing @spec PHPDoc tag — link back to
     |         | openspec/specs/{capability}/spec.md#requirement-{slug}
 205 | [33mWARNING[0m | Public method
     |         | PortalAccountProvisionRequestedEvent::getStatus() is missing
     |         | @spec PHPDoc tag — link back to
     |         | openspec/specs/{capability}/spec.md#requirement-{slug}
 214 | [33mWARNING[0m | Public method
     |         | PortalAccountProvisionRequestedEvent::getRefusal() is missing
     |         | @spec PHPDoc tag — link back to
     |         | openspec/specs/{capability}/spec.md#requirement-{slug}
--------------------------------------------------------------------------------


[1mFILE: ...mcap-work/lq-lanes/pq-guard/lib/Event/PortalAccountClaimRequestedEvent.php[0m
--------------------------------------------------------------------------------
[1mFOUND 0 ERRORS AND 6 WARNINGS AFFECTING 6 LINES[0m
--------------------------------------------------------------------------------
  67 | [33mWARNING[0m | Public method PortalAccountClaimRequestedEvent::getAppId() is
     |         | missing @spec PHPDoc tag — link back to
     |         | openspec/specs/{capability}/spec.md#requirement-{slug}
  76 | [33mWARNING[0m | Public method
     |         | PortalAccountClaimRequestedEvent::getSubjectRef() is missing
     |         | @spec PHPDoc tag — link back to
     |         | openspec/specs/{capability}/spec.md#requirement-{slug}
  85 | [33mWARNING[0m | Public method PortalAccountClaimRequestedEvent::getClaimName()
     |         | is missing @spec PHPDoc tag — link back to
     |         | openspec/specs/{capability}/spec.md#requirement-{slug}
  94 | [33mWARNING[0m | Public method PortalAccountClaimRequestedEvent::getValue() is
     |         | missing @spec PHPDoc tag — link back to
     |         | openspec/specs/{capability}/spec.md#requirement-{slug}
 105 | [33mWARNING[0m | Public method PortalAccountClaimRequestedEvent::answer() is
     |         | missing @spec PHPDoc tag — link back to
     |         | openspec/specs/{capability}/spec.md#requirement-{slug}
 114 | [33mWARNING[0m | Public method PortalAccountClaimRequestedEvent::getResult() is
     |         | missing @spec PHPDoc tag — link back to
     |         | openspec/specs/{capability}/spec.md#requirement-{slug}
--------------------------------------------------------------------------------


[1mFILE: ...benlinde/memcap-work/lq-lanes/pq-guard/lib/AppInfo/StorePlaneRegistrar.php[0m
--------------------------------------------------------------------------------
[1mFOUND 0 ERRORS AND 1 WARNING AFFECTING 1 LINE[0m
--------------------------------------------------------------------------------
 138 | [33mWARNING[0m | Inline comments must end in full-stops, exclamation marks, or
     |         | question marks
--------------------------------------------------------------------------------


[1mFILE: ...rubenlinde/memcap-work/lq-lanes/pq-guard/lib/Service/ActionAuthService.php[0m
--------------------------------------------------------------------------------
[1mFOUND 0 ERRORS AND 2 WARNINGS AFFECTING 2 LINES[0m
--------------------------------------------------------------------------------
  57 | [33mWARNING[0m | Class ActionAuthService is missing @spec PHPDoc tag — link
     |         | back to
     |         | openspec/specs/{capability}/spec.md#requirement-{slug}, not a
     |         | change dir
 237 | [33mWARNING[0m | Public method ActionAuthService::getActions() is missing @spec
     |         | PHPDoc tag — link back to
     |         | openspec/specs/{capability}/spec.md#requirement-{slug}
--------------------------------------------------------------------------------


[1mFILE: .../memcap-work/lq-lanes/pq-guard/lib/Service/Intake/PortalBindingPreview.php[0m
--------------------------------------------------------------------------------
[1mFOUND 0 ERRORS AND 1 WARNING AFFECTING 1 LINE[0m
--------------------------------------------------------------------------------
 45 | [33mWARNING[0m | Class PortalBindingPreview is missing @spec PHPDoc tag — link
    |         | back to openspec/specs/{capability}/spec.md#requirement-{slug},
    |         | not a change dir
--------------------------------------------------------------------------------


[1mFILE: ...ork/lq-lanes/pq-guard/lib/Service/Intake/PortalEmbedSnippetDescription.php[0m
--------------------------------------------------------------------------------
[1mFOUND 0 ERRORS AND 1 WARNING AFFECTING 1 LINE[0m
--------------------------------------------------------------------------------
 46 | [33mWARNING[0m | Class PortalEmbedSnippetDescription is missing @spec PHPDoc tag
    |         | — link back to
    |         | openspec/specs/{capability}/spec.md#requirement-{slug}, not a
    |         | change dir
--------------------------------------------------------------------------------


[1mFILE: ...mcap-work/lq-lanes/pq-guard/lib/Service/Intake/PortalEntryPointContent.php[0m
--------------------------------------------------------------------------------
[1mFOUND 0 ERRORS AND 1 WARNING AFFECTING 1 LINE[0m
--------------------------------------------------------------------------------
 44 | [33mWARNING[0m | Class PortalEntryPointContent is missing @spec PHPDoc tag —
    |         | link back to
    |         | openspec/specs/{capability}/spec.md#requirement-{slug}, not a
    |         | change dir
--------------------------------------------------------------------------------


[1mFILE: ...emcap-work/lq-lanes/pq-guard/lib/Service/Identity/PortalMandateService.php[0m
--------------------------------------------------------------------------------
[1mFOUND 0 ERRORS AND 1 WARNING AFFECTING 1 LINE[0m
--------------------------------------------------------------------------------
 241 | [33mWARNING[0m | Public method PortalMandateService::mandateId() is missing
     |         | @spec PHPDoc tag — link back to
     |         | openspec/specs/{capability}/spec.md#requirement-{slug}
--------------------------------------------------------------------------------


[1mFILE: ...nde/memcap-work/lq-lanes/pq-guard/lib/Service/Intake/PortalEmbedHeight.php[0m
--------------------------------------------------------------------------------
[1mFOUND 0 ERRORS AND 1 WARNING AFFECTING 1 LINE[0m
--------------------------------------------------------------------------------
 50 | [33mWARNING[0m | Class PortalEmbedHeight is missing @spec PHPDoc tag — link
    |         | back to openspec/specs/{capability}/spec.md#requirement-{slug},
    |         | not a change dir
--------------------------------------------------------------------------------


[1mFILE: ...cap-work/lq-lanes/pq-guard/lib/Service/Identity/PortalChallengeService.php[0m
--------------------------------------------------------------------------------
[1mFOUND 0 ERRORS AND 1 WARNING AFFECTING 1 LINE[0m
--------------------------------------------------------------------------------
 255 | [33mWARNING[0m | Public method PortalChallengeService::honeypotIsClean() is
     |         | missing @spec PHPDoc tag — link back to
     |         | openspec/specs/{capability}/spec.md#requirement-{slug}
--------------------------------------------------------------------------------


[1mFILE: ...linde/memcap-work/lq-lanes/pq-guard/lib/Controller/DashboardController.php[0m
--------------------------------------------------------------------------------
[1mFOUND 0 ERRORS AND 1 WARNING AFFECTING 1 LINE[0m
--------------------------------------------------------------------------------
 35 | [33mWARNING[0m | Class DashboardController is missing @spec PHPDoc tag — link
    |         | back to openspec/specs/{capability}/spec.md#requirement-{slug},
    |         | not a change dir
--------------------------------------------------------------------------------


[1mFILE: .../rubenlinde/memcap-work/lq-lanes/pq-guard/lib/Sections/SettingsSection.php[0m
--------------------------------------------------------------------------------
[1mFOUND 0 ERRORS AND 5 WARNINGS AFFECTING 5 LINES[0m
--------------------------------------------------------------------------------
 34 | [33mWARNING[0m | Class SettingsSection is missing @spec PHPDoc tag — link back
    |         | to openspec/specs/{capability}/spec.md#requirement-{slug}, not
    |         | a change dir
 54 | [33mWARNING[0m | Public method SettingsSection::getID() is missing @spec PHPDoc
    |         | tag — link back to
    |         | openspec/specs/{capability}/spec.md#requirement-{slug}
 63 | [33mWARNING[0m | Public method SettingsSection::getName() is missing @spec
    |         | PHPDoc tag — link back to
    |         | openspec/specs/{capability}/spec.md#requirement-{slug}
 77 | [33mWARNING[0m | Public method SettingsSection::getPriority() is missing @spec
    |         | PHPDoc tag — link back to
    |         | openspec/specs/{capability}/spec.md#requirement-{slug}
 86 | [33mWARNING[0m | Public method SettingsSection::getIcon() is missing @spec
    |         | PHPDoc tag — link back to
    |         | openspec/specs/{capability}/spec.md#requirement-{slug}
--------------------------------------------------------------------------------

Time: 710ms; Memory: 6MB

=== phpmd ===

=== psalm ===
Target PHP version: 8.3 (inferred from composer.json).
Scanning files...
Analyzing files...

░░░░░░░░░░░░░░░░░░░░░░░░░░░░░░░░░░░░░░░░░░░░░░░░░░░░░░░░░░░░  60 / 197 (30%)
░░░░░░░░░░░░░░░░░░░░░░░░░░░░░░░░░░░░░░░░░░░░░░░░░░░░░░░░░░░░ 120 / 197 (60%)
░░░░░░░░░░░░░░░░░░░░░░░░░░░░░░░░░░░░░░░░░░░░░░░░░░░░░░░░░░░░ 180 / 197 (91%)
░░░░░░░░░░░░░░░░░

------------------------------
[42;2m                              [0m
[42;30;2m       No errors found!       [0m
[42;2m                              [0m
------------------------------
525 other issues found.
You can display them with [30;48;5;195m--show-info=true[0m
------------------------------

Checks took 16.64 seconds and used 189.315MB of memory
Psalm was able to infer types for 95.0161% of the codebase

=== phpstan ===
Note: Using configuration file /home/rubenlinde/memcap-work/lq-lanes/pq-guard/phpstan.neon.
   0/197 [░░░░░░░░░░░░░░░░░░░░░░░░░░░░]   0%
 197/197 [▓▓▓▓▓▓▓▓▓▓▓▓▓▓▓▓▓▓▓▓▓▓▓▓▓▓▓▓] 100%


 [OK] No errors                                                                 


=== test:all ===
PHPUnit 10.5.63 by Sebastian Bergmann and contributors.

Runtime:       PHP 8.3.6
Configuration: /home/rubenlinde/memcap-work/lq-lanes/pq-guard/phpunit.xml

[31;1mE[0m....[31;1mE[0m[31;1mE[0m[31;1mE[0m[31;1mE[0m[31;1mE[0m...................[31;1mE[0m[31;1mE[0m[31;1mE[0m[31;1mE[0m[31;1mE[0m[31;1mE[0m..[31;1mE[0m[31;1mE[0m[31;1mE[0m[31;1mE[0m.[31;1mE[0m[31;1mE[0m[31;1mE[0m[31;1mE[0m[31;1mE[0m[31;1mE[0m[31;1mE[0m[31;1mE[0m[31;1mE[0m[31;1mE[0m[31;1mE[0m[31;1mE[0m[31;1mE[0m[36;1mS[0m...[36;1mS[0m.   61 / 1446 (  4%)
.............................................................  122 / 1446 (  8%)
.............................................................  183 / 1446 ( 12%)
.............................................................  244 / 1446 ( 16%)
.............................................................  305 / 1446 ( 21%)
.............................................................  366 / 1446 ( 25%)
.............................................................  427 / 1446 ( 29%)
.............................................................  488 / 1446 ( 33%)
.............................................................  549 / 1446 ( 37%)
.............................................................  610 / 1446 ( 42%)
.............................................................  671 / 1446 ( 46%)
.............................................................  732 / 1446 ( 50%)
.............................................................  793 / 1446 ( 54%)
.............................................................  854 / 1446 ( 59%)
.............................................................  915 / 1446 ( 63%)
.............................................................  976 / 1446 ( 67%)
............................................................. 1037 / 1446 ( 71%)
............................................................. 1098 / 1446 ( 75%)
............................................................. 1159 / 1446 ( 80%)
............................................................. 1220 / 1446 ( 84%)
............................................................. 1281 / 1446 ( 88%)
............................................................. 1342 / 1446 ( 92%)
............................................................. 1403 / 1446 ( 97%)
...........................................                   1446 / 1446 (100%)

Time: 00:09.296, Memory: 46.00 MB

There was 1 PHPUnit test runner warning:

1) No code coverage driver available

--

There were 29 errors:

1) OCA\Portaliq\Tests\Unit\Controller\CmsEditorControllerTest::testTheAnswerIsNeverCacheable
Error: Class "OC" not found

/home/rubenlinde/memcap-work/lq-lanes/pq-guard/vendor/nextcloud/ocp/OCP/Server.php:38
/home/rubenlinde/memcap-work/lq-lanes/pq-guard/vendor/nextcloud/ocp/OCP/AppFramework/Http/Response.php:227
/home/rubenlinde/memcap-work/lq-lanes/pq-guard/tests/Unit/Controller/CmsEditorControllerTest.php:162

2) OCA\Portaliq\Tests\Unit\Controller\ContentControllerTest::testAnAuthenticatedResponseIsNeverShared
Error: Class "OC" not found

/home/rubenlinde/memcap-work/lq-lanes/pq-guard/vendor/nextcloud/ocp/OCP/Server.php:38
/home/rubenlinde/memcap-work/lq-lanes/pq-guard/vendor/nextcloud/ocp/OCP/AppFramework/Http/Response.php:227
/home/rubenlinde/memcap-work/lq-lanes/pq-guard/tests/Unit/Controller/ContentControllerTest.php:268

3) OCA\Portaliq\Tests\Unit\Controller\ContentControllerTest::testAPrivatePortalServesNoContentAnonymously
Error: Class "OC" not found

/home/rubenlinde/memcap-work/lq-lanes/pq-guard/vendor/nextcloud/ocp/OCP/Server.php:38
/home/rubenlinde/memcap-work/lq-lanes/pq-guard/vendor/nextcloud/ocp/OCP/AppFramework/Http/Response.php:227
/home/rubenlinde/memcap-work/lq-lanes/pq-guard/tests/Unit/Controller/ContentControllerTest.php:548

4) OCA\Portaliq\Tests\Unit\Controller\ContentControllerTest::testASessionMeetingTheTrustFloorIsServed
Error: Class "OC" not found

/home/rubenlinde/memcap-work/lq-lanes/pq-guard/vendor/nextcloud/ocp/OCP/Server.php:38
/home/rubenlinde/memcap-work/lq-lanes/pq-guard/vendor/nextcloud/ocp/OCP/AppFramework/Http/Response.php:227
/home/rubenlinde/memcap-work/lq-lanes/pq-guard/tests/Unit/Controller/ContentControllerTest.php:643

5) OCA\Portaliq\Tests\Unit\Controller\ContentControllerTest::testTheSubjectScopedAggregateIsNeverServedPublicly
Error: Class "OC" not found

/home/rubenlinde/memcap-work/lq-lanes/pq-guard/vendor/nextcloud/ocp/OCP/Server.php:38
/home/rubenlinde/memcap-work/lq-lanes/pq-guard/vendor/nextcloud/ocp/OCP/AppFramework/Http/Response.php:227
/home/rubenlinde/memcap-work/lq-lanes/pq-guard/tests/Unit/Controller/ContentControllerTest.php:448

6) OCA\Portaliq\Tests\Unit\Controller\ContentControllerTest::testAnAnonymousResponseIsPubliclyCacheable
Error: Class "OC" not found

/home/rubenlinde/memcap-work/lq-lanes/pq-guard/vendor/nextcloud/ocp/OCP/Server.php:38
/home/rubenlinde/memcap-work/lq-lanes/pq-guard/vendor/nextcloud/ocp/OCP/AppFramework/Http/Response.php:227
/home/rubenlinde/memcap-work/lq-lanes/pq-guard/tests/Unit/Controller/ContentControllerTest.php:249

7) OCA\Portaliq\Tests\Unit\Listener\CmsCacheInvalidationListenerTest::testACreatedContentObjectInvalidatesItsPortal
Error: Class "OCA\OpenRegister\Event\ObjectCreatedEvent" not found

/home/rubenlinde/memcap-work/lq-lanes/pq-guard/tests/Unit/Listener/CmsCacheInvalidationListenerTest.php:101

8) OCA\Portaliq\Tests\Unit\Listener\CmsCacheInvalidationListenerTest::testAnUpdatedContentObjectInvalidatesItsPortal
Error: Class "OCA\OpenRegister\Event\ObjectUpdatedEvent" not found

/home/rubenlinde/memcap-work/lq-lanes/pq-guard/tests/Unit/Listener/CmsCacheInvalidationListenerTest.php:113

9) OCA\Portaliq\Tests\Unit\Listener\CmsCacheInvalidationListenerTest::testADeletedContentObjectInvalidatesItsPortal
Error: Class "OCA\OpenRegister\Event\ObjectDeletedEvent" not found

/home/rubenlinde/memcap-work/lq-lanes/pq-guard/tests/Unit/Listener/CmsCacheInvalidationListenerTest.php:128

10) OCA\Portaliq\Tests\Unit\Listener\CmsCacheInvalidationListenerTest::testAPortalObjectInvalidatesItselfByItsSlug
Error: Class "OCA\OpenRegister\Event\ObjectUpdatedEvent" not found

/home/rubenlinde/memcap-work/lq-lanes/pq-guard/tests/Unit/Listener/CmsCacheInvalidationListenerTest.php:144

11) OCA\Portaliq\Tests\Unit\Listener\CmsCacheInvalidationListenerTest::testAnUnrelatedObjectInvalidatesNothing
Error: Class "OCA\OpenRegister\Event\ObjectUpdatedEvent" not found

/home/rubenlinde/memcap-work/lq-lanes/pq-guard/tests/Unit/Listener/CmsCacheInvalidationListenerTest.php:160

12) OCA\Portaliq\Tests\Unit\Listener\CmsCacheInvalidationListenerTest::testAnInvalidationFailureDoesNotBreakTheWrite
Error: Class "OCA\OpenRegister\Event\ObjectCreatedEvent" not found

/home/rubenlinde/memcap-work/lq-lanes/pq-guard/tests/Unit/Listener/CmsCacheInvalidationListenerTest.php:188

13) OCA\Portaliq\Tests\Unit\Listener\LandingPageSubmissionDispatchListenerTest::testDispatchesTheConsumersOwnEventWhenItExists
Error: Class "OCA\OpenRegister\Event\ObjectCreatedEvent" not found

/home/rubenlinde/memcap-work/lq-lanes/pq-guard/tests/Unit/Listener/LandingPageSubmissionDispatchListenerTest.php:87

14) OCA\Portaliq\Tests\Unit\Listener\LandingPageSubmissionDispatchListenerTest::testNeverThrowsWhenTheConsumersEventClassDoesNotExistYet
Error: Class "OCA\OpenRegister\Event\ObjectCreatedEvent" not found

/home/rubenlinde/memcap-work/lq-lanes/pq-guard/tests/Unit/Listener/LandingPageSubmissionDispatchListenerTest.php:117

15) OCA\Portaliq\Tests\Unit\Listener\LandingPageSubmissionDispatchListenerTest::testASubmissionWithNoSourceAppIsNeverDispatched
Error: Class "OCA\OpenRegister\Event\ObjectCreatedEvent" not found

/home/rubenlinde/memcap-work/lq-lanes/pq-guard/tests/Unit/Listener/LandingPageSubmissionDispatchListenerTest.php:131

16) OCA\Portaliq\Tests\Unit\Listener\LandingPageSubmissionDispatchListenerTest::testAWriteToAnUnrelatedSchemaIsIgnored
Error: Class "OCA\OpenRegister\Event\ObjectCreatedEvent" not found

/home/rubenlinde/memcap-work/lq-lanes/pq-guard/tests/Unit/Listener/LandingPageSubmissionDispatchListenerTest.php:138

17) OCA\Portaliq\Tests\Unit\RenameDutchColumnsTest::testGetNameDescribesTheMigration
Error: Class "Doctrine\DBAL\ParameterType" not found

/home/rubenlinde/memcap-work/lq-lanes/pq-guard/vendor/nextcloud/ocp/OCP/DB/QueryBuilder/IQueryBuilder.php:41
/home/rubenlinde/memcap-work/lq-lanes/pq-guard/tests/unit/RenameDutchColumnsTest.php:308
/home/rubenlinde/memcap-work/lq-lanes/pq-guard/tests/unit/RenameDutchColumnsTest.php:402

18) OCA\Portaliq\Tests\Unit\RenameDutchColumnsTest::testRenamesWhenOnlyTheDutchColumnExists
Error: Class "Doctrine\DBAL\ParameterType" not found

/home/rubenlinde/memcap-work/lq-lanes/pq-guard/vendor/nextcloud/ocp/OCP/DB/QueryBuilder/IQueryBuilder.php:41
/home/rubenlinde/memcap-work/lq-lanes/pq-guard/tests/unit/RenameDutchColumnsTest.php:308
/home/rubenlinde/memcap-work/lq-lanes/pq-guard/tests/unit/RenameDutchColumnsTest.php:425

19) OCA\Portaliq\Tests\Unit\RenameDutchColumnsTest::testAllMappedColumnsInATableAreMigrated
Error: Class "Doctrine\DBAL\ParameterType" not found

/home/rubenlinde/memcap-work/lq-lanes/pq-guard/vendor/nextcloud/ocp/OCP/DB/QueryBuilder/IQueryBuilder.php:41
/home/rubenlinde/memcap-work/lq-lanes/pq-guard/tests/unit/RenameDutchColumnsTest.php:308
/home/rubenlinde/memcap-work/lq-lanes/pq-guard/tests/unit/RenameDutchColumnsTest.php:438

20) OCA\Portaliq\Tests\Unit\RenameDutchColumnsTest::testBackfillsWhenBothColumnsExist
Error: Class "Doctrine\DBAL\ParameterType" not found

/home/rubenlinde/memcap-work/lq-lanes/pq-guard/vendor/nextcloud/ocp/OCP/DB/QueryBuilder/IQueryBuilder.php:41
/home/rubenlinde/memcap-work/lq-lanes/pq-guard/tests/unit/RenameDutchColumnsTest.php:308
/home/rubenlinde/memcap-work/lq-lanes/pq-guard/tests/unit/RenameDutchColumnsTest.php:457

21) OCA\Portaliq\Tests\Unit\RenameDutchColumnsTest::testTableWithoutTheDutchColumnIsUntouched
Error: Class "Doctrine\DBAL\ParameterType" not found

/home/rubenlinde/memcap-work/lq-lanes/pq-guard/vendor/nextcloud/ocp/OCP/DB/QueryBuilder/IQueryBuilder.php:41
/home/rubenlinde/memcap-work/lq-lanes/pq-guard/tests/unit/RenameDutchColumnsTest.php:308
/home/rubenlinde/memcap-work/lq-lanes/pq-guard/tests/unit/RenameDutchColumnsTest.php:473

22) OCA\Portaliq\Tests\Unit\RenameDutchColumnsTest::testForeignRegisterShardIsNotMigrated
Error: Class "Doctrine\DBAL\ParameterType" not found

/home/rubenlinde/memcap-work/lq-lanes/pq-guard/vendor/nextcloud/ocp/OCP/DB/QueryBuilder/IQueryBuilder.php:41
/home/rubenlinde/memcap-work/lq-lanes/pq-guard/tests/unit/RenameDutchColumnsTest.php:308
/home/rubenlinde/memcap-work/lq-lanes/pq-guard/tests/unit/RenameDutchColumnsTest.php:490

23) OCA\Portaliq\Tests\Unit\RenameDutchColumnsTest::testNonNumericSuffixIsNotAShard
Error: Class "Doctrine\DBAL\ParameterType" not found

/home/rubenlinde/memcap-work/lq-lanes/pq-guard/vendor/nextcloud/ocp/OCP/DB/QueryBuilder/IQueryBuilder.php:41
/home/rubenlinde/memcap-work/lq-lanes/pq-guard/tests/unit/RenameDutchColumnsTest.php:308
/home/rubenlinde/memcap-work/lq-lanes/pq-guard/tests/unit/RenameDutchColumnsTest.php:509

24) OCA\Portaliq\Tests\Unit\RenameDutchColumnsTest::testFailedStatementIsLoggedAndDoesNotThrow
Error: Class "Doctrine\DBAL\ParameterType" not found

/home/rubenlinde/memcap-work/lq-lanes/pq-guard/vendor/nextcloud/ocp/OCP/DB/QueryBuilder/IQueryBuilder.php:41
/home/rubenlinde/memcap-work/lq-lanes/pq-guard/tests/unit/RenameDutchColumnsTest.php:308
/home/rubenlinde/memcap-work/lq-lanes/pq-guard/tests/unit/RenameDutchColumnsTest.php:523

25) OCA\Portaliq\Tests\Unit\RenameDutchColumnsTest::testUnreadableRegistersSkipsQuietly
Error: Class "Doctrine\DBAL\ParameterType" not found

/home/rubenlinde/memcap-work/lq-lanes/pq-guard/vendor/nextcloud/ocp/OCP/DB/QueryBuilder/IQueryBuilder.php:41
/home/rubenlinde/memcap-work/lq-lanes/pq-guard/tests/unit/RenameDutchColumnsTest.php:308
/home/rubenlinde/memcap-work/lq-lanes/pq-guard/tests/unit/RenameDutchColumnsTest.php:535

26) OCA\Portaliq\Tests\Unit\RenameDutchColumnsTest::testUnreadableTableListSkipsQuietly
Error: Class "Doctrine\DBAL\ParameterType" not found

/home/rubenlinde/memcap-work/lq-lanes/pq-guard/vendor/nextcloud/ocp/OCP/DB/QueryBuilder/IQueryBuilder.php:41
/home/rubenlinde/memcap-work/lq-lanes/pq-guard/tests/unit/RenameDutchColumnsTest.php:308
/home/rubenlinde/memcap-work/lq-lanes/pq-guard/tests/unit/RenameDutchColumnsTest.php:547

27) OCA\Portaliq\Tests\Unit\RenameDutchColumnsTest::testAllShardsOfTheRegisterAreMigrated
Error: Class "Doctrine\DBAL\ParameterType" not found

/home/rubenlinde/memcap-work/lq-lanes/pq-guard/vendor/nextcloud/ocp/OCP/DB/QueryBuilder/IQueryBuilder.php:41
/home/rubenlinde/memcap-work/lq-lanes/pq-guard/tests/unit/RenameDutchColumnsTest.php:308
/home/rubenlinde/memcap-work/lq-lanes/pq-guard/tests/unit/RenameDutchColumnsTest.php:561

28) OCA\Portaliq\Tests\Unit\RenameDutchColumnsTest::testSummaryReportsCounts
Error: Class "Doctrine\DBAL\ParameterType" not found

/home/rubenlinde/memcap-work/lq-lanes/pq-guard/vendor/nextcloud/ocp/OCP/DB/QueryBuilder/IQueryBuilder.php:41
/home/rubenlinde/memcap-work/lq-lanes/pq-guard/tests/unit/RenameDutchColumnsTest.php:308
/home/rubenlinde/memcap-work/lq-lanes/pq-guard/tests/unit/RenameDutchColumnsTest.php:574

29) OCA\Portaliq\Tests\Unit\RenameDutchColumnsTest::testNoShardTablesDoesNothing
Error: Class "Doctrine\DBAL\ParameterType" not found

/home/rubenlinde/memcap-work/lq-lanes/pq-guard/vendor/nextcloud/ocp/OCP/DB/QueryBuilder/IQueryBuilder.php:41
/home/rubenlinde/memcap-work/lq-lanes/pq-guard/tests/unit/RenameDutchColumnsTest.php:308
/home/rubenlinde/memcap-work/lq-lanes/pq-guard/tests/unit/RenameDutchColumnsTest.php:412

[37;41mERRORS![0m
[37;41mTests: 1446[0m[37;41m, Assertions: 5336[0m[37;41m, Errors: 29[0m[37;41m, PHPUnit Warnings: 1[0m[37;41m, Skipped: 2[0m[37;41m.[0m
Script ./vendor/bin/phpunit --colors=always handling the test:all event returned with error code 2

SOME CHECKS FAILED (see above)
Script E=0; for CMD in lint phpcs phpmd psalm phpstan test:all; do echo; echo "=== $CMD ==="; composer $CMD || E=1; done; echo; if [ $E -eq 0 ]; then echo "ALL CHECKS PASSED"; else echo "SOME CHECKS FAILED (see above)"; fi; exit $E handling the check:strict event returned with error code 1
EXIT:1
